seed,group
518012ae2ffbc2051191c607390bf2db7378a9a608ad8c984356329ec6876bc8,probe
0e7488551277047666a77353a7caa71aa859800628ad256f1b33989bff577282,probe
4861f4e326fca8738adb16681dc6c59cbd547b25cb7fddeb542ddbddb45d09e2,probe
bcbee5d4c01f951fc15a766ebe68b80334260c08f272c6fa7833230d32d4d933,probe
1b67f03cdb9e4039152159f851baa1b71776ed85d6814a253bc90f6f3a4b0916,probe
4f37e0b810c8e5eae1c4b72e595e257228b3d7af7734ac964ed69def0d021e18,probe
c9921167d2990a52ac23ba725edf0668eb3c745d6f82dc24528ef845abf9dc23,probe
11eb036778f2cef587085b3bcfa91cd1567f53ecc721df4c28ccee8088225c8e,probe
ae217049d80f1d296d6a05754589001cf95b0aa45a5066e20e91b77a856f9995,probe
c56727d725997a254a783c49d6ecbf493a52cd81c824396a1e06e1c522e70ca7,probe
e2eb59013bb31a36b5e037dd0d10d13134020b733ae40f0630190b97d9f1628d,probe
ef2e91303b590eb9725782e99be363a85ccf926ac35795aac2bd9b6adbc2a5c1,probe
04dd083fdfacb13ebe0d9d436aae6c342598a4e1080649eb5578effa821e0fde,probe
c68bd03a50732ae9511b5d091c8bca4f27552d6fe5d2d3ae4da69888fbe9db16,probe
32b94cee8d3fdb87c02c18a870346b4f992ce913877ed4ff80f81633ee11635b,probe
669c43a0447deac8dec2d4cf4ff8705fdb1c9604f68995a72266c7c2f0026a29,probe
e78b323f982f2a9730f7f27c0bbf21e7dedeecb595410973e370ad9f107c015a,probe
be2b41e7ddd99580698660a59a6a264825fd8c22c765ea2c9f0d6c8b3104b929,probe
0c6415fa4a6c3f4cc4cdb1dd1dd3291e5f5f7f0df89bf7dc21961b65d0191139,probe
8acf2261dbd360bf95288897c40550b584bdb78264b5b438ff331376a236b485,probe
6de521ddb734925ce75d817d134a2b979cc6a99dcbd6451011b2123c552ca193,probe
fa67dc2125c2fb65b56113532038212c368a37af910e7efba2a889e19a02dafc,probe
f19582466b71f0f39acc20fba16736bb83eb70be990ec5cf948a6e19a80d8044,probe
2f614515df0ee85d2d4048d68b27d54bed7b2bac1aa20ac55a766410d09d8a58,probe
2e85dce3c788f0f8a4b7d7646ab391a0cb71919001e0cf9be841051a1d7e6ffc,probe
f5dd9d43930653150e3bcf4f9b1f10adf8a60f20716ba2ceb507133a1cbd172d,probe
3da86105a33869072dc45ca6b2fe4365e5d66e616418fb180812d50ceb2ac28d,probe
fadae0c7633623d0cfe598280f568797c447c183e82648014bb4f9e22208653c,probe
347be1d47dd50d2ec2f4f4d1df5bf7c3ab6da45646a39859b02fc7a10f74e85f,probe
4dc7f9268e1d8ca783472a33bbdab261cc93b5e0fcf9dfd5eb8bbf91f2a9f660,probe
709808b42860a0444095c8ded5d4bd306a542c7d228a96c84256ca549090f8d9,probe
7d67b06408f6ca2bf37869a5754437afc2f6e7d6fef54441afc931ffa301bc6c,probe
e69df17d1105bb8c5dc76b9e593935dc93676b001ba8eb169c35782b06992350,probe
f43919a7f20ba73587f6294ee0ab2f0eaae44cf3507167f0e317c032ebcfbff5,probe
c0e734020ba8f4510f7eeff93f28c68233c36494a97016ee75a6f00a94c801a9,probe
92070a1903402e7b1db77173f345804c33337f19f8a922eb9561cd934c30659c,probe
52fcbbddfe18fa462adf218f246a7014141685196df9683d381941328bd0d383,probe
df4745974196ec3e90dae1d86336bc7625bd3e660c955aaa1f29c7740aa2fa26,probe
decc98d6f3659842c70a139b244e87e8127d9b8d82b5b9b4684f2d1f03f4fe6c,probe
423921bc96a2a0a2b06b5f6986ed6e946739efadae229470d55efcd151acd21c,probe
9c2e12fde4486a27c12d326e88517a1bda1969844ca504c469fdcede9327588f,probe
42db1f6a124684577474bddaede376d09c93e327bc4f0590bb334db2a0842c64,probe
7c68b8489f5edde5ac87645a9e005c1ba32542244d8af33228a967b8f78e0cf6,probe
211667df17f0e42c4d70422b5c505a3ced475b829c6d819b22aa3711cb120687,probe
7cb782bc47ffdb2d12ed9d9fb5e51b8f48d2eb0a1d509febec979bdf2528da90,probe
86213ef0a55789ba45fcec88bcf2bfb5fd94b07cf319b32d946adb716f250397,probe
4f271c590a6aba19c12cccd7f7cb85fad8a440078d5aa4cd9113defe69a25b65,probe
8a71385e76e86b1ce9237b75a48c4bb2ee0ff81847b246ba71c4d521951f23f7,probe
f30c7ebf6f4124db2aac4926d6597518f2750fc6f35963b69957d2e3b00207ea,probe
8c72459f19c0923169dba465fb766fc99f680ab013b809d38ebbffaf4968de56,probe
d08ecd58f7092f7acda15f77a0a87118cecdfc8fc64531f7d587c36bc24f14d0,probe
f97a4a000813da704c7013ad31fe90f8acc5c46f3daf912a27a7d132ff17c8c2,probe
565d870dfc1e2edc6cc639f3b1832ae7e0aea33b6ac868bfbd5199d1c6a1292f,probe
4fb745dcd53e01fde10fbbcfa592c1bfbea167483317868e7dc1d24192387f31,probe
79a3ad770aff6c4a7f06bb3016d21e81b30fb24d8109b8036ce784accef46362,probe
4d8b85551ee58fed1bf3135fba05edfe3d724875a0d86fab99cdcbf256f29113,probe
4cff32131f22d286b2c9262d7c9fe704a1a8ba141c813ce3b0d54dfcd793e108,probe
646cc1c3ff506356bc77e90ef492a99f53caf8e6b219b25607cf43ba7c05618e,probe
2774fb416808f2390f6b3f5715fca184193618330baeeb9a35a0daa5995605d5,probe
5a3cc3faccb42b63a2ec366d26271e8afbe93562d27ccc70e89c64cf9c7143c7,probe
8b26a13387574f5706a652bd2d2ce521ca42d56332960930cf1a856fcaf13289,probe
216e23a3885aa0bfbd80001684827aedfc0ee3937248d914e1f71a008b6bd955,probe
9a649fe4c24dbf89d33cbad34b4b205e6a1cdcd54e795a11d2fe5941493daad7,probe
c0ccb8c6b7e2960c598d2c0469a7c9e503a2aa08ba57404d87175d2d247c3cb6,probe
4f7019615d197e6b6fb150d109792c95cdab69d7425872a9da2b60ea028deb0e,probe
f209e506554a58bc61ff564a75a6c12adfaa2fbf02c4703c4aa274c0017b38c1,probe
19d4e1865ab2db6cf131f8d277a1229cd29dcbbe4149a14e693e3980b3958dbf,probe
522468433d9e91869aa059a6e75445805b75d821b085550c71f3cfdfd3348a30,probe
32ff2e331c6b8e174c2e894381081eb6102facd8a931830e4eb36843402d35a5,probe
115a6bb0aadc108ce52855c58ca8cf95f41b611b54d59378c3a4e9014bb4154b,probe
510bf6e99491d3830713c35a2937646de1b410b3ecabc5d6c88d57a37a3c94f8,probe
9f73302210045e92b8146ba960b8d42291ec4989c0bc9d8c087ba291d6691776,probe
2329b4779e745c66b16917f0f66326a3220b5fe3b9e69976b43d57dd190b15c4,probe
9c6e00404acf59aa4149ca4bd4541e5e93adc103d965813d082a0f2014d94c73,probe
40b9e358ef318a92322ef0956e2693bfee02ca34152b9a486beda8b66aa4cdf4,probe
fc949ce9f1ebdaf9d5125fda8560329bb0b915d792d67feac3fe657dafd65dbe,probe
69ad2aa465b6de59738282342c46c6c3b77b6beb37ff6f8580a015707572c05a,probe
d23170eaccec18e931e5f02344a0ab13bb685e9a22f488a3aa9ab3b0e8b539c0,probe
0783a84d3fcab6d2c1f3f1ae2a537c8866c064f9a8c7ef6b66d066c9603e5648,probe
19636b171c5b715c9f53c03ebecf798ff8d42a51c3e50e9f51bf00b9bc6dc286,probe
2f20fa65f1cabf48af3fe2c2fa5e87fb10f03d2890262f7df08ff3a6f7ab6f2b,probe
4d0bf92b9106ec781b8ab3c2a2f29d46cf0b094d8f8c7a8a180a9824b4d294bd,probe
d704ffa3782e091f1e2fdf13b52d5556c0965046709fa663ed87fb2fd64602bc,probe
4dafd0b68848752b537dd9fc109abcae69fb07322bf184ccdf0e4e07a5e18efa,probe
45adad9e4714df305f07ed01fb56494391ea66f92242135c04a3747ecdc35752,probe
66fe74881c0aaff41a4ea3af0a258f9106cee0a7c65bfa2d1a4e68579c1c0672,probe
8d858c52a978faecc65f358c2feb12baf904707c981f810fb0fa76a51b5446c4,probe
c35a6f018f34eadfb6548f06cd7c5ede9fa7ff9a27f8adb6105ff020ce6467bb,probe
a60becd8baabb6bc31fa49e3115d9e8f85c5bda6d542c0774e7fade48cf7b9f8,probe
8047556a414fa7970f0d3ecf8f562c87d5d2287b33e98ba53096d0e13b46a963,probe
3a7c81280bbcc15c42308c51b93ac4daa2786f37ffba7b30d3ce6d603defff6e,probe
e523c5719066b4e5e2f0d6655cac47218325bb3ddd552ba40853a92bfcc81068,probe
e4bbdd8636bfeebc9379e418b6a8bb95a0b5b9a98eb49783cbaea5b11db519af,probe
d448b3e2579728ce459b34beaafed402338360f3334046c8f5ee2a81a207067c,probe
025ecd006b68c5783e042746d404a7e4b685818cd3f824ea3d2b356dcf82769d,probe
4fd990906e2bb0a13d4bd4e4d2a78820eb8cbee46fe4670932ab2d935a46926d,probe
3b89e4a0f1182f5de96e7236f49924227410b02fb43570e654ed4d73e96e429b,probe
603e4faf8f0320631c382af4ae5d82c86ceb9732b2246a5aba9f1131ee868b2a,probe
d07fcafc85d4d1ce2f1f08b466fd3c26d1242031b4fa83afd87061f4cbfda67d,probe
ee4dec1994db80c8f52e9b9efa3a64aae80563a39d4e9612e3b99f53b731fb38,probe
9193d0cf5b12797df6f6f573453361419b60877b63fbc47b9a288fe14da4166f,probe
0fb3a139d159ac98a9d38d62a7d980b74e02d5310f37d716cafb2b0de849f988,probe
ac0575151957b3b2a704e5d30a6059736e074b912cb5e34be08a85efc05fab6b,probe
a47b7da82ad9284753e8a19d320dcf7243df6c13eed7388a3db6efe38380b5ae,probe
bf1fc10c081e63c04092e82b7e45bb1564d31b99a4d6e82fc2bd35976fe44f4f,probe
5dbaa24c3584abef69c80cc947c4e771b9ebd34b5fda444e2e829578d0d4238e,probe
a300459e49cdcb2862c2e9b82743382766c968671be6a735748150909266314f,probe
439cf5df0152f4d4bb07d39d6624505c742f361a8fc70bc42a1e33704e48831c,probe
42fc44cb83e7193a3a2511c81c49499df0098fc260a77fbee36b3096a31b987a,probe
672984436d6701daf598cfccc8ec06da849aa6a8e6f1e792b1f66372b8ac7549,probe
a55fbb7540e7b80f5a60c730c2a83f831ab84119ec73c534ea7dca5d19cdc699,probe
5ebed18fd1a2571aa24a2e7ad956caffb7fe7277564fa4028a56e1f551ad2eb3,probe
82345456bc0b62d66bfcb3c5bfd0d3c253e1ec6bccf206f9510c8b8c1ce98ca5,probe
4cb15b0d6e1143712ed5d85b6dee810904eff7b363061c8fda413ff7eb3935ae,probe
7321ef999d552cf5f1c3d8ba18a3bacd36ae8f79ec4cbc96eafc85cef9eeab1f,probe
4cda2eae77cbcbd9f8947d38d4577a48d151559e94aa71a032af63d6236f506a,probe
3f35db8635f48348952c96641f35a7aa8c855eb1b3a4e1ec87db22e6649fbda3,probe
d19bbc497f2765a6a6363f26324d27b54b21fc69325df44bc9eb9c21305889a9,probe
cddc60955294095d348e8c6fba26baed289ae65df06205cb1cdd86ade3f0a9d8,probe
fb07c26cf2de02d6341d0dc286da5ed80eca747b13c08d3e1a60c5d9c183c4e7,probe
339b817fb6b347d2c534f4a9429e0419ec4dea4c8efc0c2e7762b3e7c3490cae,probe
7639e616618cf8348468637b3613ffaa550ff5bc5cabcd970b9033b9f04294c3,probe
bdae2fd93b94fb78a0fee1ed8337e8275d952b8788210dd437350544d915c2e2,probe
7ddfc87836e16ae18331e75eb1cdd0d020ffe69dececb69fdefa3a17a3ecf211,probe
333fe1eeceeda38e8d518f4f58dd19fa6e8c29eeeb5c30a2f604f78b5a7f275e,probe
6de471aa6d632a3fe5bc1ba82cfabec0dc1280a58199272cf925668f430b7eda,probe
2799c58a58823dfdd5bb384e030da0b1e29f34eeecc77b795d4e89b5f804b9ac,probe
a0155436ee12a5a48bd59f569fdeec4de0e8b6e4c920db4331bdbbfdd4974217,probe
a15f1b9c387e5a9e5ea1bcc26157ff7e9c4f02a59c3deb06032c2ecd3e324751,probe
02e72a16e78c334d4c32c76a402c2a5d28afc7e3751e26d276eae2d8546b59f7,probe
1923baab683de04f1fb138b24212422cbd6729602b0ecdcf327a23e46452008b,probe
b8917d7a682e63ce9b04ec8ed1723250529ac7224dbf4039e6c1e2797ebdb3bc,probe
2d44919edb73c4a5e5cdb23ef834fbd73e71bcd9c88c96465c868ca5b9da8087,probe
b35572d1f2d393d1d8bd43592817240fa34ce3b772c3aab0fac23f46329b5ed0,probe
86b0a7aeeda12481671ec8161d7211599bf71872384f779db4405a1b9d558ab7,probe
6e1becb0f1236912d8d8565a0aecf44169439d86904cd145af83f3afa08b6cd9,probe
808fc4b323d863ab9fe64e59e649c813923cb263e65e55cd6b3cbe7c65892e65,probe
b170d3a4b43fec3210da7023d9b08188a4bf0a291b0ddbfcdbc3b58ded8c96ad,probe
6796031d6a9d88958be8062a5663c6ad9aa7cd95a94ada9f559ad6351964e21a,probe
4243f0dbb0bbdc1a4433b728f169af67220c0619fa6c7857ba4847fce33b5899,probe
efebe614d8f0153cf83df83bb06f4a5c83b339c56154a2312440e7fe41cde61b,probe
ad73c3484cb617a30abeeff2dd9e2053f6a3c84288dcf8ed310f79ea4eef74f9,probe
d564f38578f6e45f5c17034a7d78bfa272465ddeed15152c7e20827a868b4171,probe
8d4b4a478863fab25a9c93f4f8e51904e2edd289b112ef55b970b42240d64f15,probe
55c6f56839c971469918adaed17677ece844758cc812ac316194638003b81360,probe
1b64e431665000d913ca3b9c4d9f46cc47593dc2f593b6fa3592ad296aa0535f,probe
616103cb119b1987e31fa77bf7dd791f1cc9530d3182435d8ea98411ed2de77c,probe
d522ac77754e40fbd06fb12d6319e8090ff95558bba088e23df1c06653fd3f1f,probe
313da0f7e98b69ca0b11f0e9bb0b0dc2e9d3d44765426d670ea00ea26f6d2a9c,probe
5c77a4db0314cfddb268816a638662dce306de2cd5f47de02e6286b5587c8261,probe
4597b46b7d0afa2f2b8ff8f01811e3f6f5d43547a652da8b1c226838d47fe5ce,probe
cd9b8e930dff57bdbad502130b51fe0191fe046240b353d02c73751a24308a37,probe
373899602b1c7bcf87e71ef8f9e217b488dbb7670eed5bd03f5681c1450ed707,probe
010c141a35872a2f5904117c79554d071110018a48eaa4d07136b1d558528b0c,probe
6af2f2723f924f850ecdfa7454b1d5ae14bb29cdb7b7a79b62ad7b85f15396b4,probe
ff6a0b964f1f3cffea2376a1118b87f02d759bf1c34364e987a80e2f8af9c86a,probe
61ce6752bb9ccc03bdb98637e3c84f138e7b6c30af8718f9f98091fba64ffd9e,probe
519c48a3bd0a1dd22939f16bef18fe241bb17b0ce1eed882b960de67a88bdb13,probe
2b69f7878c687b9439ad75d48d319da323285737371c8da1b3ee91b4c73e5fd8,probe
353a4e3a0311ff23018bf07e43191051578ae141efac7c5e833c4cafce2ac3c6,probe
8d2d405f2eae0e38966e680b855f0b0acbdb21617aa41373bc0a94f3561c8ea4,probe
e5593c95834abf5916f810a62d4a267d661cac5ed2f52fc7de9d26e94e301113,probe
045dc920bed49bc8be0e0358788264a22367e107244d9a8e2d0d0981e58637a6,probe
bb6003f4a981cdd6ba28509a1fd89afa6be6aff8f071dc926743a448ec36aa48,probe
7d29ee9c2d9e6cc66f0aac2d0f0dd4aabb29ce8a1bb0f42d28bb36bd0db801e7,probe
8d9d042f46b49686f657205eddae35cad92ac533fd1537cdcc362bf08499126a,probe
926e2e66f4314a73cfd635651cc5899da2ee17778e49339eff292800ce2528f2,probe
8012b0a193f4d572a5d2ed4debde96d24000d65a9494294940bc6b7f2666aea8,probe
13cd65015b5e306a4922241367672ef14dd8d9208e20aa3dbdd89d8093f0f05f,probe
5ead50c296f467ef849b5c592c1adc9cb343de425529ed5bf4735570762123e3,probe
3b1ee58612d4a510c73ae6cc17b9fc3c72a74d5359c79d52bca014c7330c77ea,probe
fb9494e2390bf9e412e3cf60d2461ed254f83cfbf7954d1fa414b66db90522b4,probe
012b327dcdad010b17af0cb02aae1ada8993b75490a07601ee3e57d644346b12,probe
dae37a5f8405f54d9da03d9478af70e69c5c5667583e71f72557d667efd5b45c,probe
64fa90df63ca161890c27d6649c23dc9159db9e97ca0217f6f0b715b6ffada89,probe
32c06ed2cb77d908325118a4654156bd106d42b9c9c68a75caad9d6c11380d81,probe
cfd6d7f7e46a2e7ea22a5064de73f8917762280da62be9ee734f82991fdfa469,probe
9dffdcfa0721de1c2201a1df2a988e9ea04b3ad5ad50a2e537d71827339755a5,probe
c34e918a22938a7a9ebc333beb9b5717673cf72e06050ab7df2b572f8b64f7dc,probe
3b5c5909af826f0143801d2a74425ede83cb2762fa0c4fdbd404c9effd2cdafa,probe
75c1235e7c982f41b77b2fa11dff7a148028c56f240452b8d182e2764ec2b9b0,probe
fdc2c4c2338e1c6f38545e24db5b287890e624822707e9415d0b71ce1b5dd4b8,probe
64fb3bd58a64e99492d5275a562cab25b9bea6f875af1809847d27161f264ce4,probe
411677c4d67fd73e2d48a806f2d1a228fdb34826602b7322da7de39958d57d64,probe
34422e19956c1387b013aa97bbad0b7397ab591f1f36514b001d7ff8a174f68d,probe
b3b0ef04087f41621223389f528dee33d4d7c45fd1b7914d7b2b42c07966beed,probe
42c8438f1b11f6f4521f032f7ce9dca2ec8da86fa462062bf72707935df38373,probe
482e19a23b3f5eec148ef76a51d432580864134cfb804613c04053530dff8877,probe
5fa1aa8b95936a27dd438499d92eb8501a1ce8fb6a5c6ce2a28adfc2266e11eb,probe
ca1a1d2b30aadd477fd2aa8ba4c664c31bf87082f3d3fb352b7f1f186864ef1e,probe
4a45ae40a3fbbf34400b97f3bfce7fc356f57662197184fb3c8ddd09a6349652,probe
1106597d390f29835d109a59934e2dda3d93dc7da66ccec45b45d25e93beff25,probe
4e12bb9a33f2aadcea37d75e603a25330523508b6d79f25203e22844ca77cbf2,probe
e8b522d7c0180181838a9add19a11cc3567f7f273956ae9c2894544d3a6aa316,probe
14aa5d37a3ab339f40149b3be464376e68327113125b0eeb0c4a4e59e25bb1a2,probe
9c2551c922f7a66cd760973d26d38fe5d69b82cfe032af9a61ab03ebc5b687e6,probe
fe898d8c8cba77316d2d135dd9683c0977f0212e6290d49e574ea1c013dcdbc4,probe
451523e623b047b72fa2dc0f7bdc3dd7ab70f87ba7ed9cdd8aca1250d0d813e5,probe
df07aa00386cdcf41044f19257ef43cc98a237ec3c1dad2edd6beebb134d66a7,probe
fbad793006f6e73060400d97f3516933e042bf9eaabbcd036584c484b0818a86,probe
1f47fe50186b4c5e519c8faf9e1102ad29b7efec9ca220a10782301c02e9e706,random
98231159ed3290aadfe7262ccdc56da8d0bd9c18f00ee781abf06ea989ef099f,random
00c30cfadbf7a25f861aa463db964d76333353d930a9aa6b953961f9e8bf0c68,random
5e2bbb884c38d3cc884a1bcf1fa89f921dde3ce352d7edb5e180cc133ea05f07,random
884dd0b07ca9040c138f356a3f81294acd40faa96120b89b0c27381234c56364,random
4ae9d87681ad630b184a164b109a97368ce049a6f7f6f6b44dd0f647e39c89ce,random
3b7d07a0d4211c88015d3d5dc13641fdfb4786b4bc599684b4d5e98fb1c55a56,random
7c6f048faf70af5fa238aaed91cd425853044deb12d67a229bea6668cc80928c,random
0b19f40100cabb62f9d322580bc299601e48658cef20d3680e453069998a5495,random
54903d49708998c6747e29a8d544b70c8831f845e3e783b1eba398bcdf86602c,random
41a1a668c520e2f0439c712725470744bb0fa69dac21a3e564cd21f6af466dbe,random
8ddf2fcd4b8fcf0372c3576c646ec58574f0f9a90a620bc8949ef0c1ea5ab5e3,random
69d8a94109f5a20a99b1636125dea7e1ba300a6411be8d735b4aef960709adde,random
c61863bac7bcabb9772f27908eb09695e95cf0d80bae9e9b10a6ebb4289bbc9b,random
1f6c2b39083ae73407dd0fb4546daf307d63ca23423afa3cfb888c083228cb4e,random
cddcce201692eb9f34d2c940e0cd35e5904c5a1186c6d5f009dc6bba570add55,random
a8d633ce88738ec4051b851f84c7de2373707ab5c4b320cb53f824dc24cca0f6,random
f3522af5eafd4ac696da26951c0cd600a3f2aedb5448ddab8667fd8865f3dcfb,random
d38e4047faa1b8840edb2bc4af02265c388f44f4b7c9f6a626c8248b80819d11,random
fcaea7d2b93b9186a1de74408337783b5cbfafbe1dcf96a322b792b79421f25e,random
bce992ac8be6b3256f239884b3d2aff5e92826908cd22fadf87e61b82b37c22f,random
ef8240cb47e7f7392a58ff344529b2841aec71b24e6e93b54249691caa100bc3,random
203d835e9b4303565a73e149b1963bae3c273d33789eb0147212118cc5362ec9,random
47ef23b118740dac5999e0875d147aff2b2eb48b2ce85b33b7ac03e373b193c5,random
52aafdc479b9f97f868558b64c568c110d95bf834d187e0c67093217924c3d40,random
ffc8f73461f10cf5aef82fc3b7f25647df4cfc01433abd8d86637bb62652304b,random
24ff94300814dfa1da9f9aa5639aa51f651c476f1792aad71d2be825a448e3da,random
ed56cd61e45d1cc000d786de7371cb6bae1a32776a4482841b153906874ca5e4,random
1f115e0d9521df4efd0a19a7f83ec51da8271afedb7cf187e7f954782bc00707,random
8e165b78fe9327eb23c3f976330df3c16598caa62ae5423315b4077acb5a1892,random
4aff0dca1778e27d347667354af22cb2d8b5a67da25323d3b38e2d9bb9be78dc,random
92fad8375629cac2e7af152dc5cb0bda789d286d0a2743b34292fe048f6ef98a,random
4d6f3c7409135956d364802db9853befda30ec52f9df21ec3b9e28a1f272ee46,random
93b8673508fd63172233b5edb169b494c4d1cee622daefb867bd41b0e944c1e0,random
518b7e2013ce9b460782f8cca588b60dc312878c5a27aa3726cc4e622200e89b,random
69613dc9f203f613eb610c0cd4d5ee46e863e1ec9faa96642f5b43719753fd0b,random
a7417b2ac9365995e43e0333378ea595990144f96b5a2479dacf316002089e1d,random
8f9cb11f407a2d4c763c9438b53329848ec9786347cb06f49d9b871d1daef8db,random
3b43fb1e551bd63e7d1b8b541905b17f0b729dc3c14402482faa595d445a0d90,random
e54374a3a912e81a22f21a41371699a1460fec29282f8901d8c6e40ee8f4a7c0,random
d15ee298d61348482c0ec65a77283000308955d6c2366778226ef9abaafd22ba,random
172927372208ae3a85c2abda18a5ebce40943e114c5c5ee568f9e1e6b45924cd,random
4c599b595dd5cbadfebc2b973d63ebab07147b79916af556ef031260adc43aec,random
ef28ad8f1bf01b407ea919a4265dbf5fac054cd19e0a1ec8a77614d2a235739f,random
bfb71ea4e6e1a34a10852cb2167bed201a98ffb49ebb83eaaa2127063d077d87,random
c93777ae9ca2aaafe60bd3fb021d777071947843c93b084b195967af2bcbebaf,random
99fb8ccd22d4518e2e24063c3cceacf8e6e3be46ca9df65fa1a7b5ee58093818,random
d80ae06ae2bf573acd7cf6ee838b86867403c59deb2d3a6072d434334e671384,random
67cfcc00a6ee6115396f6038c68821a1a741a2228d7eb2ebe48c8bc1ebadf29f,random
faffa0f0434dfe1385008b41331e80e5c497500a5fb15612eb474fbd87cf9f90,random
2df5f4333f56e99787f705c136b11666a8fd5aa8d1afd8a25322a606ef5b9209,random
17ec054e07cd4e380f027e784e003111cb9dd90040c8e44c303c66fdc71bd0f7,random
c70da001e188a1441cdc2012b5875fd2a41af8dedaa099cd91c33551dc529605,random
78b7b7b2dc1dcd211606fc5c3dc7484e9abbb2ee7601f5326d7868087d9acd45,random
9e7d814719ed647ae5d8280ba73fcd7214103cb457856c8e34ed3a4c92d394e0,random
f053fcadeb76c21a57576321c822122e39a46ccb94b6cc0b3153360b0e4969bb,random
3b252904c61992beb159ad156fc1b2e5424f6295510ade875c1b8b11ea5e0167,random
a4393e1700a8f325d7ac0446e77236cb4e70a57c6177479b2ee955eb577cc869,random
d7ab41ca68120b47403d45c4bcfa612b3ae75ec5a518fe0974d462ad5b7ee321,random
cdae6b0097b60f9ed06af994856e62b0052cdad402a00c8f1d3942d09ca7e3dd,random
86fdf3ff37e3878afdbbb96477f8eccbca97f5bc0af6d8f565cedabaf6de61cf,random
3aa1fb6c15bf9e3ff8581dbd75f3f23c495cbc020308e69ab116450dcae45912,random
ff34104d80a1a27c56cbb4994393273240b75f840aaaa43e2ed80ec0d1d15ac8,random
62245c170927b11aaac4a3df0608fe75a3e93e91a4aa3de9b09cf273d77f3589,random
92a9b01cd0fba1d141ec135d95446b70d9fb68b95c811a216efc83bde2fe6999,random
b8afc366d1e76754e7c6dc8cbaf2f248aa267c1b374446c6673458463a7bf142,random
c79587931461127c2c0ba5bf78c155153a0a8912db2e62eaaed6f58a4071c0d2,random
1158d8e6cc6c68eae1ccc35bf497d1c138536b9c8336a3779e4bdc7c44745856,random
21bf4216ad8e6f341fd21b2f764e4a747b82047b677dfb38bf75e30f19f4be2d,random
0b56f76f6623d84e675af2003defaa4413c70f83eecf05b25d7ca09d84258fd4,random
208338abc790e983263a668e3f7345bed2bf14d09798ef9f2d223b299242845c,random
9f50bf0fef06c7b1fee99b07197a15f4ad610b6dfdaa5fb72ebc60c12b75214c,random
1ca5018f56496af0566179142db43d8b14060b70c99eddf01815d8aa79b8d130,random
1b26a0fecb6729949780b9c40033fec95636eeb744a10020babfb27c5b60ecfb,random
61e76c597bf539f6efc6d5e57d63d3afa236f6be1c01ca8e4f324c984bbcab44,random
08ab90f23207c79a5e4882b6ae57714d4e9bea34918cb377f85dbcc4c0179dd4,random
a59d79a4391f6a24dea75eb524c48104112d4425e6a6298c0bc1b1bfc5f390a8,random
fc1304fd32701762db643392c7ba9396d254f154ba24295cfbc261b3d77fbf5d,random
73eebbfdda714eb26f65ab91db72eff46588363016295fcb355c92783e95bc07,random
e1bccfc24cd4c78ad83b8968ffeeb4d1afdf332c32f320e7d0b3c9580a45068f,random
c7b6ce6829ed9c626a7abe2b640da6991edc067b761bbd62261688a136682d27,random
a3962628f083c9cd4e139b35f7cfbe2fe8368db2ac1781a5859672c30fb48757,random
19f34f1bd01e4ab5bf8a98834f10788c6af43e0329d4948802d30ce6b75779bd,random
a71e62261dcff36f5a93c9e1fdc53180fc96fd773cd19173d1520ae72cb6dd2f,random
de78cd136496d548af15f1ac6b2986b7447cd09dfcc0d666bc4d048418ff743c,random
be576c0103c66e3091a0ae977b56ba1f90f91bacb07051c863aa49e0e6827830,random
c8f63b1fb065fcd125336ba9d96cc7b8038c973e64ac7897dbc33f25f2863204,random
53b00253c278c726f3c1e4c2c20ec2d1b0140f4fedae5c559926f0f9866c05cb,random
fc816bf8d741f7d7ffa9ba6e2e5ffc746c432a4f38325ebdea4c9d243873ba68,random
50417aaabf4d05c5d2e130c0a8da69d791b490e84eb8b39bb8918e646b9e4fce,random
c088780ce0736f87d149f8503fd2d6c002ed75c3b328042e580698c82cfcbd42,random
7e9b9e99cf5cfadfc8b9f4c16a0c0c44bb2216bb3caaf3693ec0c3435bd2c4b6,random
e45e0a9f430371e85973cd77bd600e4dff1feb6ff25dab7b00d60cbe361e6b64,random
fd0dca5a656c35a2a6460fee3472c266ab31808f863f80e4083bb612e6c6e2fd,random
ddf401f2be3742fd7460ebf12be098beb42bb6e796c48de9e32a43b75ae31c1d,random
6971b6193a97cb10cb67a201cc11a179c4b149de58db981aa7d3ef6c53b0d14f,random
40fdf85281468160ba5cbe48932dced4834e291753a84569dedc38eb2af0b177,random
06d8299692f28a6a364a1f96f1159f162239e3693252313fd0f77afd85d43df7,random
1aac3c6f68219d02c293cec24386503e65be5d58c98609b1593cfc1205d8e199,random
89b8a8cc37555532b8eb7e49e677350e6ff8fff7f723e0fa5ffc5de075d1073e,random
40a33b5dc21f20af06040debcf221a648edf06a824762190b1f172d8c35e5cee,random
331fc337772ba1edcd3517210ec7766de6c8ed0f6911a9eef7ea724acc07f6bc,random
d35a578729edcd7fa62099abd2d91ddb67fb5c3a9d5a96e7517bd8fed966c6c0,random
21e81200670bf8efb1e5ce5ceaed2e6a3a340c0fcf4f82b4d2623c1142f0644e,random
4db91136a0164c167f69c41736aa34d56d5e04bba383cc58916d8a6d7ae87cc3,random
8c450f497fa407ae07b8f36c3f64b5e1b7beaa243b5fcc940aa68e63ec32a7c4,random
13f9ea359bb2b0d421085f36b45f7ae4719e17142691492f0d0d0cb42fd5500f,random
76559cd2a9cd857d5cf03a4c10cf93e9bc126d19305d65db99e77e4f38d861c1,random
bba1c46b1fd2078638267c7c01d78e127450a245ebef0183d4891ba2361d2243,random
02f8fbbeea82c5c7724f9c346fb048be6cebd0924054b711ba11d699d24de48b,random
79a6fb1a576a829075ef02a0cbe547eceb97c145c7b80fc9048eda957a6dd4c3,random
8e979579ec888040219fb04834d09c2a5f165c335452db6ab3d9927d7e6abfef,random
8b82bf0a7d1fa2744e3f87d1607b8e7db02262d39689a2f8f54af0f769b7794e,random
1ccda82a4fb0ee98865b61b06a951a79b1b84527af002072803f736069b1cf6d,random
7d8f68181ea1a0472321d26dff3b8a9aa1ade7f8a27a9da7ba2a3d2467553267,random
6f70178ece1895654fa544322b213d66c59f2a5eacb4462cba9bbde8842609c9,random
decb8c4b8796a22dc9e5c0f4ace59e4942362ded902e84cfaebc2e58b6dd6474,random
35b835dfca4b9d9d057ee9cccab99584b98d9d574820e540e2f8226023d1f800,random
7504db0a471498853d0ffb4cf471f22f639680d7169738a28f6fd8d7f1e84143,random
8dc51cafec1483b2463f4e5789efa4a9b8b2f734e5cde9e9ddf39fd2e6abaf52,random
da940faabfae99a573fdc35e028ffd1f4946bd190dd5e651858e1cd9fb70fc7b,random
79c0d5471054db18b955578119ba1bae52b593674821a4aeb8866b68d6fd1a45,random
69112c8a098612a50b3307f600307dd4ad9f1caf10f4a2dbd2ed340111154bc4,random
c59f90d6bc47282fbaef96c7115338e2e56c9f059e67e3577ccb2b25c4e1a137,random
c8aa65b39666e30f9dd30a55fa37c0c47a8193bb6e71f8c4f8b8db8307e9e1d1,random
d80d3149c24480bbc319dd93497d81c930b3e432a5b6bcd856b6673b4f6f44cf,random
2ec8856fe9d69ed53e0851f5b5b682f6ae65a220f3770be1e58a05b75fbc6b7d,random
f23067459646be11138219d259fb9376d755317ca69fda68bca25e53cd205822,random
9a428e4bc1accaaa9fb8e4930ee5dbbf2eb6a28ce102c544c2b85740b46276e7,random
cad23df45f827cacef5b2649d1ef0c18980c6f70c6f90dd281f4ddef1b50a7d6,random
c8c59b1c8cffb14e43806c5a32496c888329f6669bfdbe2d10c5a1a264db27e7,random
95418bc98ad2345b569256f259edbe41f26ab8d30df4476ca7e615e651942f16,random
e3097de45ba5917c30ebab3bf0776510e6708cade4de2e338791d9aa6cbca4b6,random
aec940d635cd903abde391f3c57254153a8f0dbedd956730a41abd02b2f5e9f7,random
8ae8f5dffc120c54db6197a552e2df8bd8598f3af38f614c6b31c1f65dff83d3,random
e5f22a77fef8262140bea4633e7a2b773c67fcaf2eac10c6f2d0b92099517774,random
9c449e67f16fba3615df7914239fbbeceb4912e4dfadcf1ab87705f91595549d,random
2bcf3fb778d41356751aad44941bf1da017d2e1e7f5c3fd0bb415b279f964c86,random
6465f6235d8e163dae50d8097fc1ebcd8f0bd49c90bfa6e458a02e496f169639,random
b6dcd8fedc7bd5bd8f809aebc66c14614e76603c2e09f8bc22e588bca698d856,random
41a6bdb0ce68f8524d6de76c5e1117a4d750e2a5e3ad460cb6414bd3a38c9381,random
b5939afe17ad0510d2eb11f20a572e9c857cffa7b02ad6783c0387d0cd939cc0,random
65d2ecc78f3f229f813219dcca129b18a480f568a01e81e1a5c21a2038f3e2b0,random
765c5f458712e31f4e3f1089c072f946b00c8452edb63a2aa928e6f9ec8317d9,random
040cec6bb7a786321c5580d52f5502b3b692f1c5fb21d539131c6e4467753f87,random
97dd0ef2f45b7c32ec4537c8e0470c3867d0054ccc6726cd0722eb2b5a8efca2,random
6c58386d983f2a33dcb3417fa8b18674bb47de466c4a8f11f475dd0a58855677,random
ba9e76cb69a12972079d9e2c16bce664fd013af7f658efd0beaa17c1ca4dbdf1,random
003e1194978f81867c9c4ea082aac281449eae593b11d76378d282331fb406b5,random
b18d912455e425ebeae2d95e5d288d6bafab1f39025219d2389f82b1eeb8beb7,random
55e3b059bd73b7f5d3f7f7bc99ff83a9fc8c715584b0f284e5d0ed91119efb2f,random
91fcc440bba67d432871b87aeeaa38c0ca4be0919aa32b8add3912a615eb2f7f,random
9e09310dd734f5e70dcc40566e965a54d5eef4dea274a4e24812389f7238adf2,random
55b4a5abd800c59e7d4aefd1ad23ad6da9ab834f00190d99be66ff17d7fffaaf,random
d2be0621480bc76f2f476fa9141d5f2961b2cb573a153a2d459d4e9df52abba5,random
71eadc42cb09a79fe5efe72108a1c4c47a7957473805b98c08c9389f982bd4ce,random
99de729b402d142d64bde8e7137c48251eb59847a6cf4103f40371fc699a77e0,random
d48a12882488a0f2c19a78a1e1784a40b4fb2cd8debee6cf43cf526fb9fc2c26,random
8418308c7583de36b5d954dbeb82514246bd6e38b7650cb2bcf161798cc3b8d1,random
916fd1e80d10320d0e09b5f81f1f36db9ce01f8a86dd768f5d785a0c1c79d655,random
3691fd640f5b475d94e75e381214b5425b3fd3a97593889ae52f6e0e4b49f15d,random
c8b6728177296ee1a5e14ea7e290de9526b5c0079a9a4bc4ccbddeae5b41db61,random
745a118187287a24c0658b2a02cf817b0b03a9e639886ad0cdf3dff80e51655f,random
01ed675983fdf3ae9b42b87e9ee6e4f3def4ba0d168fdee1b776e9fc3215245c,random
77a976a89a521807e5f968a6de3a672e56f18a7c82ab31e734718de6116e531c,random
45896b3b05849a0917aff9c48122f5778979eb3fd8c957723aed0fc04e2308a5,random
81b5b162afabfc71aa96fd8b2518ad4f07875483bde06119c90f01a250c7d15d,random
0fe55de321de2b3705fd493109ab6b37bf8f8a51d305fa726095bdeec6675fec,random
d7c1875387621917945bc2f33292f30c23ba875951fcec31975db0d6f3c1a49a,random
709151546cab04d9526e1776c3a6baab0e94f6b0443cbfe5a6baffa369682e88,random
f7ca38a5168d5547a2e65a123f091f99efbbcdd185d68d4d583bcd689fea795a,random
4d9dab0956fd4c73373998cef789080d85a427c99f1c87258c6ad49ee85b785f,random
cc81785d1b250f28cf8345229e5d67e1081b0809d54e0b6b3ec90170d088839a,random
f9408041da66c353385e7c21af2409028428e6faddaed2d4d54523b6b0784f87,random
4c9d92ac71f55658766b29eee84031e5202481d0153499c7682e3da3c346ea92,random
7fced48a81ef81dc23187b951c777e9ad386359c5ffdc5e81e398aeca8ef49f2,random
babd3f0e48d704e641ecf93ed5c15166d92fc548289e5b3fc673686bd6b33a18,random
3a4c850376144bc1220812b70211df1db2649efe9bd6de8cfb349acbc2f69432,random
6475038b39e704df8eaa78033cbd8e605b38b3c0230f1468eb28219d350e94c7,random
fba7360d96ec8c5a745492109e6145e4dced10999acb70d5073bac83cd7488f2,random
c972aba08be9f8426cb6b79f7ae83d4200c2a8f5aa3d3a4384133bf5bfd935ff,random
759676db921af44c1946997d29eec6d4d5d25ac4f805238530725c9d31d7c5ae,random
834fd1cf6523ce01dc6d5502706c7c7b0730bfba803ddae6a7af48ad8f1a2d5d,random
194949bc447505b0cbbdd67589a5806c7002cbc173628aa874082e24f2fbf1c1,random
dc6a1eab7fcb740309619b9c72b5ef8b8b354d589a03e3b720ad418301da3a06,random
2849283f3501fd39ba5315315f3dd3bb9dd76ecf62ea5688724d529184916058,random
ba166ae5bdd90f52172cdcde3e18df838f71f672b251dc84ac1ee658af005199,random
c8d1899c37a1fa0d6bb02b8bf83d688dcb9d4afd7d0f4b8e301ace33e9f6111d,random
b37d3bb70176d41288072c1a1f42e24d87bde654c9bd9ac13cf128cada80f937,random
4a7c3f5cb079d1593250b57c7105ad0f12763af58e1e39f77ec67364b6c012f6,random
0bdade6e20e20f167f850a48cdfdd71bb52ffedf4d896df5aa9e6843ae466231,random
9b03e2c05729c0f45c412895c92bdbf9dec685c92dd52727d3ba1a3ebcffb30d,random
f2ed1cef8304855ea9e815631d37cc5838c9ccb330870157aa1eea85172fffdb,random
1a29dc007cded082c897646532f59b59e7acbc930856a8a27e0cd0e0af66d684,random
ab1d5bde98a408b650a1355806bd84b3129ee3d163e5b559ae9d3926aa9611bc,random
16e379ce67e642fe50155f896944e4a47affd611ed79606304ccadf92ba345ac,random
b4a8a0bb664a169ee5442102fe3fa5072c9fb06094f7903512b5971d1250de55,random
d60d2656ff47b1004df4290806f1dd48e5140719f9abd6638c83744f114b5400,random
e1969e0716b1f3ce8c33f079d6eeac1febb0a8ce569325184abb90a91f6a3603,random
82b30dd759356e9665087501d9a62a5b355b53f988fb1ac4c39097f6489d8afc,random
