nonce,seed,best_256x65536,median_256x65536,below_256x65536
0,c52b75bd0bcf9219d2909973affb5bff73d7e657f6bbc1121da628d4cd3f253a,-14614000,-14570000,0
1,e224eec3ee0b03582b802a21cd6c6465ebbf1bdee270df8f54121dce1d78ef3b,-14598000,-14562000,0
2,87316bbc5ac736b62466a7b928c0ec39e821192e20dfcea9ab69661f3617636c,-14572000,-14542000,0
3,483bb51ae87c49c73e83dbc60e568647b83ba16a6a3acd8fcf97d31e4b1571c7,-14588000,-14542000,0
4,39394f579906351b0bc91ec33942c17a59d6b902b92a7ebfb51368c3ff902acb,-14560000,-14526000,0
5,f23b1202f50a2f5705a3ec6d2f1ed924031b79ea8b72f993f54961d3cdde6503,-14588000,-14542000,0
6,91a7fa523379a1c89e9638f343a1dddc33804ea8cb641101f3715e1f91f8102e,-14554000,-14518000,0
7,e027e897c925a2c4af0f6ce57ed52ec370dcb07a618f330ec8a16c4c8e00ce41,-14604000,-14558000,0
8,50f20ebde59b398eb47bea1c187106f043c2bddd178a994e074930b73f8da2f1,-14582000,-14536000,0
9,7044b31bfbbbdb69f83e2b148a42e13c85d619c028ba87d468e4ec65167d5a6d,-14562000,-14532000,0
10,2890baea91a9be2d08efdeeb72e6a3e2d690ff05d828af5f779ae40c2230af3b,-14570000,-14520000,0
11,5925f41b6f16788e53bbc7ca38e65bb0e5801cfc333d3840a420904d85677bbb,-14570000,-14532000,0
12,1fa84a9ad9499d568fdac95bcaeb9292fa0aad13407b90216fae4985e83a2a3d,-14596000,-14554000,0
13,8050a47dfa3f988f2138191a186a2bf4112245cf47af49eb150cfb2da07f18f7,-14566000,-14524000,0
14,38a13f4ad0b1d21a7a9090b12f4bbc9fdaef6c47d63f3b0a858028ac902eb184,-14560000,-14518000,0
15,301adce7effa23df042e5b10be620e555899c02d152d83bf6a4e42f89002ed4c,-14548000,-14516000,0
16,abe65deaf6af40dba6976903135693d3096dec17ee0f069093d75f127a404b24,-14560000,-14514000,0
17,a3c2c70898523488e685befac27f2c386d418c82788813a7afa2ea1d70108295,-14562000,-14528000,0
18,508a911551d39fa1443d1a9824df436f3ed87120a422f1110ef45ca7667300ee,-14566000,-14530000,0
19,d13b6f441609641ae6319ff7be64410205b68ae73800f80029827a26a1a61ec5,-14564000,-14530000,0
20,40e1cf97e7489fb8822e340a0a13f42b5fa6455a1f551659d35af5f48d57c438,-14576000,-14536000,0
21,64e0028e8cb6677ca47ce2b256dca71d5d1136ca0681dc473f8a739cebb0b297,-14558000,-14502000,0
22,d8e1a3f2fce53d5b1bd0b37f54c0f2187bd14de34a3c033e1974e2f7434bffb0,-14538000,-14500000,0
23,72a3f4195637715cb4d6e9f1837a6efd19289be6e51535c309388d9e5a678315,-14564000,-14514000,0
24,4c15e58e4bcaecd4660cd81ac8f4feacfe659ef6b8427b02b5e63f2178dc5f63,-14578000,-14528000,0
25,2ce42d2deff98124e434436d646d6fd38d0bd2849d40a5f0daec9c13b609c863,-14546000,-14512000,0
26,7e62ced6d53658503aa1c0407d8c0744f82ebec3b108b8dca5ec27537c785a05,-14556000,-14504000,0
27,27e27b80294c57e0237c814950bb7cb81b16ff8a96d24111f70e02e716d0d860,-14574000,-14530000,0
28,d17586e81730f9007a2d84727d6a8c53a03b85db2f1a3558d7d9a6718c84bdfb,-14572000,-14528000,0
29,6d982f5925c2915a1d7c4c533e95b5e5a5433cf4059d6ea06272749ca54ea30c,-14546000,-14512000,0
30,865c4fc5c8affca1bf23fcab0b65724c38d4a46ffd397b6c9093e9c1b2d01131,-14566000,-14520000,0
31,116e9d01a6f1bdac8df01d66f92d41552c48e43d40a66e8abc0bf05aaf776587,-14562000,-14522000,0
32,bba4541e94640f5f3243b2b13cb3da0b34ab4fba0f8787e362797331c83b0d6a,-14558000,-14512000,0
33,73df9e8cbcdd5b810d5ec4b50b8777d2f1f59bb3a36c739a5a9e0b509a0dc25f,-14540000,-14496000,0
34,23d58a4ab763adf949e89c0cee85972ed9e304ad98c57cfe5e3ca139a2cd32f9,-14562000,-14516000,0
35,9978bac26b902bdb280ae2e0884cade33c449c00fd39c31ab4f363b2cacabdbc,-14578000,-14532000,0
36,a60ab02735898db53303cfa6ca3a93f3f531ce03873a7d60d670d7d9bdf135c4,-14578000,-14532000,0
37,ba2c134896178479636419cd9738d29c6b2e80d41a501a5bf7d4016d40b10460,-14512000,-14472000,0
38,83547146603b2e53eaf6ecddb8d7f8fa87d5b9e2f240f546ec2761dceeed0f7a,-14522000,-14494000,0
39,5f12a6a48adb4652bb29560940542548288ba90f333ce8fc3e12cd961fe463f8,-14540000,-14504000,0
40,741c7e3e2b50e5124c7d93ce9d9f8756b688142ff2b23838274c30070204c75b,-14550000,-14512000,0
41,211b3e30d6bcd59a578f124e5d455de5899fd51ec942e14ff6f692672c05d444,-14540000,-14510000,0
42,c8d84ace24b5d32b797f8bb0465ea5d8c797545ff2b205d5282f67a284b648fe,-14540000,-14498000,0
43,2d95ac264c37e8694727efc93cbe220ec9c8cfbef4b3c88318456997d7725704,-14534000,-14496000,0
44,7daf98f7db3fb90f63e17571cda247a36132016e7c25443645885720561e544c,-14538000,-14500000,0
45,f92788c95bdc6e93f6e901cbfb5f3494a557996e7033597e4a2c715a14553bf9,-14542000,-14510000,0
46,853b4205462d9a18b2fed26358b5e34dcfb7e217a9d89e6b60615929933aa96a,-14540000,-14508000,0
47,d3f633ea1108f4edfe453cb0bdae55def58218496e854352b0ae949e3c170003,-14538000,-14502000,0
48,c9b4c1a8627a52d5e025a420ecc562bdab15067edb55e21a40134aadfb9f2640,-14544000,-14494000,0
49,8379bda1504b406cb003f0c7f98a5372b70f67d7713bcd5568cc2c94675e7a7c,-14538000,-14502000,0
50,feece3acd95453eba7d490f33a44c563ce3c4a01d06f2cf6375b30029aab6cfd,-14540000,-14504000,0
51,bfa5fc6a22572dfa34d3dfa32683fa4092212ea0e7ad58c751597612f9d0e2f1,-14544000,-14494000,0
52,4fb7beb85d3d8d00e1f949094932d5285232bd9274c70cd9b69cf24bb4747362,-14534000,-14502000,0
53,352af95e2608a43c21f50a63ef9026b88b88c330dc49017e5a4de553f9282323,-14560000,-14514000,0
54,ae0270dab35541b12b89c7338383801bf92c956cfe6e8703e01858211a33d0cb,-14568000,-14524000,0
55,4cb23c4cc1c4f4cb28d891e71f9bf23a98f11de4794b06e37bac6cf620f81660,-14556000,-14514000,0
56,061e8b7e68ee7e3aba4905fc985888eaa96dcabea6ba740332b3fd6a963442ce,-14576000,-14526000,0
57,b453563361b53cab1392f4ca886fb059f79fe9cb341c9ebc0851f7c98d636017,-14538000,-14500000,0
58,ba12bf490dc041bf1f8281da97549f55dbe6a1a8b77e43d7d673fe3410068df8,-14530000,-14488000,0
59,1cd651e64e1a5ffab0724b305f4137cf55480b625a7b631b85eb1dea5a5d0a3a,-14558000,-14516000,0
60,92902659b31c5ce633b944d63dabf0a3811ce292166857c8f8d820f59f986307,-14566000,-14526000,0
61,8e63b9f4dcf05179c932eb2a6564eab2ec76f3d1ec74eee601ab524cae3d3d3a,-14548000,-14508000,0
62,189f6d64a92308c026826d9a79c9802fa21039633a21427d030aa9efd9501876,-14552000,-14516000,0
63,0b0e87242f7b9500d7e2627f190bae53d272da2c402c91eeb7322bb102b39efd,-14554000,-14514000,0
64,89f39776d782f0932e1eabbf333f16f39203f256fb0b3764154387dabd488c67,-14548000,-14502000,0
65,9522fc92511cc72490dfa3b555a167ae2f7c93f55496654117b10c35b2f8a65f,-14550000,-14506000,0
66,6a27081d1405ffa3a4ad9e2815daab38ff792e03584c9f18ccba11c2b60bbd39,-14542000,-14506000,0
67,bd2e1cca0a478925a01914eedd7499919359dce0796b6627e0e5f964bf1b4460,-14562000,-14516000,0
68,263d41f21594aeccdc36f60395ae02fab1edc5c9b98b63f32a2acf22d276d8b4,-14570000,-14536000,0
69,3186a0bfeb03e9ef7d6bc246877ce477eb906c9402166b030a13693efc226445,-14568000,-14526000,0
70,13aebe296d3563028f379a26729ef37e2000eb2242e40f4f20de2ac08a575eec,-14516000,-14474000,0
71,1f78b584da7038042ff5bf59cf012ec605215e148569418c077cd03524b302f1,-14538000,-14504000,0
72,8478d35f81539a98757f4838cf21588acb925f9ed872ea852eff82b46c9684cd,-14524000,-14488000,0
73,86860ce4a489845a0bfe23c264093920375bf74a304312754198504c5f5bfa78,-14558000,-14508000,0
74,61653ed32480978feb617b5a2d0f8307e88dfae97f8dffb4f302d13ccea29ae4,-14520000,-14490000,0
75,65dff70e1726d33a9b49c7f5a4292196c8c15da7e9d5978a4b08cc0b74824a19,-14538000,-14494000,0
76,33883ef2c0595ba8e399b81ef5dbf5c010f0bfa9edfdd8a6f08bf2f46e4480bc,-14532000,-14494000,0
77,1df718500f9a8529b3a100152154296a30ac545b052af41868099f03f3ca554c,-14544000,-14500000,0
78,bb6090557027b9f4ba0e40c0f139c4d627605af2d291adba273d6cf742fa8bc8,-14506000,-14462000,0
79,15dbb00b0cc1f2c2e3df355b1d2f13569c2c304e634b71f9c5ebbed6891a7de0,-14560000,-14508000,0
80,25c41e9e084d3b13ed50cd7158ca82ae0c517fba2767f459ae6ca259b4b02bb6,-14548000,-14518000,0
81,6475ee0850179af38e70d2bcfd4dd05cef37f852df5fe31e40dc2decb02d247c,-14540000,-14512000,0
82,80012105592a693e83235d985ef0c58604195da4b993984636621fa79abebea4,-14530000,-14496000,0
83,4e79c874330efd783c7a6edb47485ff4c8a991134f9cf5259bf8d3ad0a3fd29a,-14564000,-14514000,0
84,0d643e0b6391cd6785bb3ab985af83b3b28ff2b4bea9d83a2dc6942843e80d6c,-14560000,-14512000,0
85,8ffd5cb3fd676341b4c7dc8f5ce9adfd3b13727f5ec6aba8dd59d5ee7d738642,-14556000,-14514000,0
86,997ddacdd0e65f48228f294b4e5ec65cbc54408575d02b86157be2c28c43e5a9,-14552000,-14508000,0
87,4e19aacd427124f8fcde66dc9bf3ac17412c34716b64c2e65974e787f34aa983,-14536000,-14498000,0
88,2a245ca986976627e2d646da2d812d28cfa3058d26bf1bcd48bb9e4346fa3c9b,-14536000,-14498000,0
89,177d0efc78f96b5c2dc49149a3ec6bfde54c3cca76ddca743cad5f7b768e48b7,-14556000,-14516000,0
90,a57dbf8200b6676a1ecaed57b86ea94f0a5667c96b52a053265aad19d3aa7dbb,-14546000,-14516000,0
91,563cb1daa4959101ae8b9d0f6c759dba399be7b75d96f53e4fba9772f350e634,-14572000,-14522000,0
92,8e6b9f98097c1d95d976b7ac8ef5e1d5748e006e896536ea6892e1c9ba9c79ab,-14566000,-14500000,0
93,7d7066df5efac678dd03f17267d120d19ab61b4d1867148477675183181b2a08,-14564000,-14520000,0
94,ea9e0177054124895767fb4090fa73cd59a4fb7af9d591d15165ce888b235ea4,-14524000,-14482000,0
95,93669ffb7f3f54479e9c5f364ba922ae27c4094c9050c24a6f3eba2a6b5597f3,-14540000,-14504000,0
96,db3b97232e12f6066c83bd7b3b4bdaa66aa393148bfa6a52ac1e676f574b73d3,-14504000,-14464000,0
97,d218f146c53bea87638ee64f7c1069adbfbb68e89e6a1f270865f1123e9f2196,-14526000,-14486000,0
98,eb8913847164dd9e38b4b47ad3d783d650d34b412384c83af690bb0e7d2bbcc1,-14530000,-14486000,0
99,06e61438c01d00a04a8e093dcc291177d64f75498352efacc990dc9a473387cd,-14558000,-14514000,0
100,a712180d302c94f1426bd6ff6c5b6a671457f3b0a9f661babaf4d15c7dc2d0d7,-14566000,-14524000,0
101,45538791e0292495a32c5e8297bd77073ad8314fcc39ab7f0af5cacaf7d43732,-14554000,-14514000,0
102,10597d17003969dda2e763acd76f8da8ed88ec7602bba3efbcca46cd49c29a7d,-14564000,-14516000,0
103,592bb78b1df04d524fb39fdeeaad4556e9bf75259ab295edd68e01e6838cc0ac,-14564000,-14526000,0
104,3fa01cb709746f0abf76231ad570f8d9927f39a90cba21faeda91c82f84c1112,-14558000,-14510000,0
105,27524f64fe83013943a5912bc671be6ec9b6951ad2577dd2e40fdcb28140254d,-14546000,-14500000,0
106,20be856c2b2adb125c3d4fd6da2218812674cbffedd18f794e2bf1ee127a2497,-14552000,-14512000,0
107,59caa55e4f4051e98d373bbf8eba43f5a2023d0f415d7010279079c230085083,-14558000,-14510000,0
108,e6536b25cf1b2cf8c1bc0bf28f439ad2f8bb686f845bb44e8f94f9830a0ac47b,-14554000,-14516000,0
109,36b8384064a1e78cc6041c98119c59064fcd2ba62761280515291748b3b88c10,-14550000,-14510000,0
110,8fee93536c778e17928a3a07d91e19ad071bca1ccaef5bfbf1aef7a4201bb855,-14548000,-14512000,0
111,765f9aa46bb36f3048763af223ff6043a490c2547363f14c85bcd1a94f96af0f,-14552000,-14516000,0
112,e47130053828a76307e814e7fa0633561720ce0a6c17d93397597f16bbb525ef,-14540000,-14506000,0
113,a0fa7fa4e5d8eb9655ad37d5899d49e94f374210d9ab8f77e180c4f5cf887442,-14560000,-14514000,0
114,c5f605d47d41fe0168ecd8481b785778b0479fdadc123ee43f957306871a11a3,-14542000,-14496000,0
115,b0cf8321ffd24d752f249b8e289fc9eba7f984ee73ec507694797bc426420932,-14558000,-14516000,0
116,6eb727cca442f22c80e3bfbde9634349477cc2056ed299747f0920f44f77ae3b,-14546000,-14506000,0
117,203a1bfc020e02545484c190f1e5acbf5c92b3575114d8c778e243afbd4d6cf1,-14566000,-14522000,0
118,b29ee979005d73fa0fa1b572ce95c2798d6903241d4372711eac9c2b1323c7b1,-14542000,-14498000,0
119,2113301f2f8f0cf0479be0b9cda00b1db16bbf9e64a07c0e26d962a789f9ec3c,-14546000,-14504000,0
120,333d4e24976af9e5898d3dc55d653f7bd2b4c1e98af4387e3b43933c2b8fab95,-14550000,-14510000,0
121,4e53ad4c8c895aa0681ad9e10b7cba5c5c32a9c712307cff387751c074c8e051,-14536000,-14500000,0
122,7f96b009258ec4a093886f2cde55f86f4213435cfde26f4be4059fdf498191e5,-14554000,-14510000,0
123,1d4a06bfb35e2a0cc9613b13537070e54a45689de8c98c2640876a1024842ccd,-14550000,-14508000,0
124,baf669a4a70bfa6fd7cb2558c37d7aeb80959d45d14f5f80abce95af2b482e32,-14560000,-14506000,0
125,6b5cfe3375463dce13daa559cddcab696775ecfb52313a344d143003a71912ef,-14548000,-14508000,0
126,92309b1750b7641e73628cf31cc60fd87786d3a9a68a36a1bb5cd9597d5ac546,-14530000,-14500000,0
127,ed2d84fb21a04425f6fe2921e4a7fd8c8bd0dc3d13187c7bea2b56a1536e21ff,-14554000,-14508000,0
128,940eefabcf29843b89f5bbc558fad6f122c038e4d311949c22f980a7079a8f7d,-14550000,-14508000,0
129,15afcd2a4f2226f60b510710ba7c3a03697d0075637bbb85d307fef35843d39c,-14550000,-14508000,0
130,ac7440adde425fec455f18f07c03bc38bb1e71394b3228cd46321fb4e93668e5,-14534000,-14496000,0
131,e53a512e1f3a0da2d081bfa055049181d38a82c16b2f1cae065bf59107fa4c40,-14542000,-14500000,0
132,80f95a218f91a0f9732c706e633ad844ebb0ff50511d17bd4a153b117e3a40c4,-14568000,-14512000,0
133,2da7a77d00e6bb78238316e6c6debc38e506d4333cb62236a8b73e51fb866894,-14542000,-14504000,0
134,7b574b8044729722157f5b8f6bbf5476abac2eb8ec7f419a32bb04c9f9efa696,-14560000,-14524000,0
135,42ac19c2f62affd89acf4a03ad897b5f85fc062b8e113d453c7007c9b99f4c7c,-14554000,-14512000,0
136,de6555b9ebde0c1d9578ef661825f9922423a6444a981a8c62260771f98c5330,-14548000,-14506000,0
137,5a53cd10b2f545b17c5f2b53628b65aec256319befbf3dbaefc4542b0589fa95,-14532000,-14488000,0
138,6bf4dac35dcc05fe433beba614c89c96f55deae970c461cf0e540c91df74fefb,-14540000,-14502000,0
139,bc2a932b768e0bf6e9238b01204dee05eeefe198f057c47eb1173453c9c81895,-14536000,-14494000,0
140,9e0ca046c131d32807abb33b5c1438d091ed6cc191c00e3b0a7073c483894060,-14554000,-14516000,0
141,68b04440f321c26c0823f567a2f27d4a4e0b8f6c0619812fd8064dafc4d2c522,-14446000,-14396000,0
142,c7a7c27b9e8f789e4833f485af905b222e09c633e5bf4ca9bc0e7ed4a2eb90cd,-14408000,-14364000,0
143,bd459e0d80a1678576b64fce344a526f9a74c42bba7fedd2f39afb158c4e8e60,-14420000,-14380000,0
144,2687545109f5ef84a82763c9fb4e81ffe70b0315228e82c03014f75835a05212,-14420000,-14390000,0
145,e0b5eefae92d7dc78b101c65851a27476a6a177ecc0caa173e9e00b2f1f88e9e,-14364000,-14334000,0
146,2c95ef21e5ef9b700681e0609640e30784c129e7d0a708b00773a9520d373c19,-14432000,-14396000,0
147,909e998a4f6cf279ad096393546a5ee0fe044e8aacd6df8e7767aa4ee25337d2,-14410000,-14364000,0
148,4387f45df2ab17f28dde9ce9819a7f6070e449deaed5f363b86b72fa7fd8821d,-14378000,-14332000,0
149,dd9b361bd1cd1cbcaaa189e4d1ec38636998cf61db379f55193dd52d9b3ca894,-14410000,-14366000,0
150,d5b3e3ff6a5463dbf2216ee7959e8e1f31c17451113cbdf9f344263f9305a48e,-14410000,-14366000,0
151,df5201df77b8a83eba07c4d570bad4373521f387bb1ec88a372a7c3cbd803f29,-14374000,-14334000,0
152,07886c82afd9ed91d7b0e4b62437ee1976ac5388c415c3b7aed67acd8ab35f33,-14368000,-14334000,0
153,173df7193f203e57ad76f310d54b10f3009bdadeadedaf8336eecdbc99a352bb,-14438000,-14394000,0
154,76e4f343178f81d53ede7f51a07be4a6026ee969b63a1a8b5e7c1daa26cb1c11,-14390000,-14348000,0
155,36f5742f182b116b5c91097ec873b8db7e5546f48543882954463ca8df455538,-14432000,-14390000,0
156,e88d8ae84ebfa410f3e2a3c310f47577f6796e85b8ee1ccf8518ce5161a8bc81,-14364000,-14330000,0
157,72d927a91fee630b408a2d30561257c05441cfa435a3affdd60ad0017baddc02,-14446000,-14412000,0
158,db1dbd0c7d77358620711898f79705eec209946c1d6c38785111d5d0e2524919,-14370000,-14336000,0
159,1e1f9f966d800377a026d644f73db65aed22d81ec372bc15e88960395b8ca728,-14464000,-14432000,0
160,1e775c49ecef371370c8d0d86b62030be0759dc9f9c1066d0b37f99de56c24a2,-14364000,-14316000,0
161,2cfb1be5d6b9f00dda87fe7e2a1381f955ccf3ddff1ecbf28d9e2b1ae8822009,-14360000,-14318000,0
162,e3517937defd15b480bb7f08b89937c5f7a41fd965b861057e46262df49a8880,-14392000,-14348000,0
163,e55676d85db481f408a39ff2527215f54e5e6fb8bf9b5b7f72d3e591685ae264,-14464000,-14424000,0
164,2d774f6fee1a8fca8382af8bfa6fd2cc461d845fe2aecb49fc846cf0f139dea9,-14450000,-14410000,0
165,c73cd4400c5e26bf7e453e603ecc7b4774a62897b84ff2ce38ea91ec2426c529,-14416000,-14384000,0
166,8fa41b921e42e58d06504bfdf367179f2607292ca08edae7a85c84ff9b1b049b,-14480000,-14446000,0
167,2d2ed237a57eb0cb31a1918e088833e633eea4d36ce3ce6f2f4ba0e816c210cd,-14382000,-14340000,0
168,066dffb402c70ca15c125547648fe3a878af24a628e8beeb2638e09b4d5cfd20,-14458000,-14420000,0
169,e51d5faf42b0d5a19e7a46eb966236abeb918bfb3ac6a98a089cb5263279f83b,-14322000,-14282000,0
170,c2b981cff01c4f0a318a2aed9b5517a66573de2746e2e08cc3b6e7ff3352687c,-14340000,-14306000,0
171,9d91946defc37721fe7fa4bbb1b2baac810831afa8208442d06a9dc65e3154e9,-14428000,-14382000,0
172,bdf04f725ed725331ce07863a4c39682dc963dc45f58fe4cf1dae9738ec7c911,-14468000,-14438000,0
173,519bf9797e945e72279c48f0fa697f52dfe4b5cd8bbf06d1d65860ba293e9855,-14430000,-14392000,0
174,c1ed56c0e95e2d265a1061fb8431b680fa842c0104b2610173a3769464d5c4d7,-14384000,-14348000,0
175,c930941cbbf0bac7e80a68dc7f5b8108fd6075f9ad0ccfd87c15387964a1e034,-14476000,-14434000,0
176,e3fb464566ba7600d4eea6da3608c2da099660ef21dc7a2f65f5908cbbd00b4c,-14388000,-14352000,0
177,1e2c55a4f7b09b2fc64159785fb9ddc4c5424b7d7a4be00600c53939a97c253a,-14342000,-14296000,0
178,f6a565a0555402933dd388007cbc083bdbad6c9ba0b3f54840624a50188a65b8,-14416000,-14366000,0
179,3df89dd7c0e8700c8d6c51d7413fe456144d1d37ca47efeb8eb29ea82eb64759,-14466000,-14424000,0
180,269ba2dc536da52d90d7f9af5909db903fc05f589c6cac497f90e6af698606f5,-14490000,-14440000,0
181,37a95f2df1403205a5bb831a03e6963692f5082000be31bbf9c035bdfa20023f,-14428000,-14386000,0
182,54d0a4fedf72490af40c8f6bdf4c7874edafdf88e6c8c3b0f24b3c107ea8d187,-14384000,-14336000,0
183,6325c7d441e2fc22e993d9a57fb518dd8efa97eb5012ae94fbb6193de36631d8,-14450000,-14412000,0
184,5e3f766ca4954583a0c48a778f07a7c529f912212de245ac9bb6fd0d1487269d,-14366000,-14318000,0
185,0118671180b0632971f66147ce025ef4dd89e62e0fbf03bf8e933e7f232ebff5,-14486000,-14448000,0
186,70f35171eac30cb4968c8dd698f19ef10f72cf113d5bcd4e2b8f27e815408cbd,-14424000,-14386000,0
187,6479f2b9e235c57f96441fc67f0ef9f89f9fee69f03626ee6045a9ab6889ddbf,-14452000,-14410000,0
188,a3d5a565ca9198f6c8963f0f9bdbe0d8e55bd7b3329504f812ac3e90fb16ea67,-14358000,-14318000,0
189,7dc109031d247fabbf2d2e98d4fb8ab524fe6a03457624fbd822a749aa170f6a,-14430000,-14390000,0
190,ac516eac4fb992210f66892e75ffe10203174a6489d057b5ed233d61363c28ac,-14400000,-14360000,0
191,e942226d9f6b00e72c9c6d6b5cc7c92914cc712316784b0c8caadebf8dfa8e3d,-14404000,-14346000,0
192,08c5f0eb5f26efe28266b37df9f30723cfe0df4e74332d87ce8c3ff49de6b45a,-14400000,-14358000,0
193,4b58a3f5cc25e9203b6ce1b720c5443023c014a3de54478d6381a04170bf6914,-14396000,-14350000,0
194,af52c9c3c3ebebadca8bdb8b028c09b85d8eed156cdc1c1501626cc3b0725477,-14392000,-14356000,0
195,270e18ceb9a127aefb57b595cccd302894a31c8caddb63aad3fff8bb47ce405d,-14444000,-14404000,0
196,ed796fed350c3c495e7ceaca57a0dd40267f276e6ed74f1a583870a41ff75c5c,-14484000,-14442000,0
197,a6f627035f3b20becbd09e2b9c582221aabf30519de24d165574e2d8ba141e43,-14472000,-14432000,0
198,569e8056c776dfbeeaca14feae44f976ff19798c543d65da0c7400f0b203301a,-14418000,-14378000,0
199,4c41d713e5ab01bfce3c95bd9e7b706c37e55688052f2d353de5238080918a9b,-14522000,-14484000,0
200,187738d205826da2f6c18edaf7d06dd6f5615f8d9b5049f776024f05349604f6,-14444000,-14380000,0
201,03ce9e42f507a1ad5f13d6f029bcb6adb988aa45864ca9b0e8d344d512127d76,-14428000,-14380000,0
202,d8a9ae0c19caf8048b8230c5161c37254e2157f6afc64b998c1c42e1a1b476e8,-14386000,-14348000,0
203,14d12e230236e90eb64992a57f4d7f69a5c037f645f6adb06426f7446c925d0a,-14348000,-14308000,0
204,e851f279806e16274bcf3ed12c72e9311500ec1e578c257c557d7971f3269fae,-14446000,-14408000,0
205,dd3a6871fce30f4de8fd0f2fb52407aa139835497150a00ae397057a228ee54b,-14502000,-14468000,0
206,1b6f9d2c5a15c29c05f376f491a605dba37f04ebab1f56019cff010d7dc03b8b,-14416000,-14378000,0
207,2d1b65a789b24e5d5bbabeba7825daf8ef31f05017be9b0d4c4af8d0616eefb7,-14372000,-14340000,0
208,7b4c61ac18d59bfe23f0a34cdee81be703dfc4188d6c25d97df6d8444ff64838,-14482000,-14440000,0
209,e46eca9d6d28a7f139c3c4ff8e3d4589ffa492c26b1dcc39765ecd59b16df2f4,-14392000,-14348000,0
210,ec29db3733ce646ebf643d0b1f697e2db6d189f5a39e4d87956f0a3592075593,-14452000,-14404000,0
211,287380a687566961ceb928747ade08e93d5bad2b70249fcccb6e5d56d114ce2e,-14474000,-14432000,0
212,b013ce0dd6d96fd0976309d71192bd4f9074adf3bb624653790a77d5fdbdc0e3,-14366000,-14334000,0
213,c3e533e546f1c2c2c892287dca48a56eed7175523f1cf0384e402c9ffd263b08,-14346000,-14316000,0
214,a9a1681799816944aa3a0f9e84c0d7585fce166fb23a411a0394b63fdf76118e,-14424000,-14382000,0
215,c2fed548a0190aecbfa59dc95c6957773411b8812f4e578816acb5ea57fe9857,-14410000,-14376000,0
216,35f609d9f08f451c99c832d5f96b106b48aba9658ee959791e2a5d72b3b902ae,-14376000,-14344000,0
217,348e54bc10ef2ad8282a994df95a15567c92f5d8b71fe9335866dff4beabffa6,-14416000,-14370000,0
218,1c9dc32eb0ca4e9226dd963743e563b61c79d27d620b33e2ee1a48b779fffa76,-14406000,-14364000,0
219,da6b233af7adae818d9bec06cb09f480fa0142bba88247e679bb790cfc45e877,-14438000,-14384000,0
220,ffb537039725eb915445cb9cbc5a4718de0635b2a5979923531b6de236520ee6,-14442000,-14400000,0
221,d81fb1a19c259cf7e78b80c054405aae30933f7e4bc9741416206dd54337c4b7,-14414000,-14378000,0
222,2d63e3e2798954a4abcecd5878c98eb1f69f361d50c4ba6b49cfc7bdd2e0a47f,-14496000,-14464000,0
223,cf7e33a00a6629f9f24b9141824e9210e5d5f4a3c0928a5c0ee5268fc6a9a949,-14380000,-14340000,0
224,c629d091bef33bf71538ebed4582d1fb254bb6ed7ffa00d1f34e7d2bf0f45efc,-14410000,-14372000,0
225,a2ae3d2b4048f8157f3d2aab150eb247c5d6d6a0bf4070b2286aaae4381a8b4c,-14374000,-14344000,0
226,68ae0d8e2895831c342fdfb78e1a3bfd6adc4900d6688dac521517afe88c890e,-14328000,-14302000,0
227,78676b7d21e9ae5ab66fcbd64fc08720e9d4993f740af89400fd0ef181f6a555,-14376000,-14336000,0
228,12a2174332234a70d6499785f01f4853c5d2fe4db5b3ae96203ec9fe2caf2414,-14424000,-14372000,0
229,1a0ed0b2268cc5bd8668799b224cc9bdd77babda79df839fe0387a9d90e46d9e,-14438000,-14400000,0
230,3b8866da3d2bbf83eb2ba1bebff3b6247cf313aab41ff2f79a8be02e4af0aab2,-14350000,-14314000,0
231,8ec300e8904c8efa89e1831210ca1de10aa47ba60fab4eb7c211db70c1a71560,-14408000,-14374000,0
232,d4a30fab6b17762d93c9edd859c3d847c0169cc48c4d6560ed9e1245248d2d31,-14308000,-14268000,0
233,663ce4c7119a174b9e2dd4c1783c74aa45226584d453b58941d9ef22057c359a,-14472000,-14436000,0
234,b18aedd441780959e4ddb866b8fa5ef65f5540097fa25ce235628669093e5cbd,-14334000,-14298000,0
235,e8e90f1cf1bb592d3b8c8618a1d693b4e3ef55757d2f6e3bfcdcc0dea54cd4fa,-14376000,-14342000,0
236,7a68e91be20247902ae4dfc00b66c39e6211e63e6822bec7c0c5b31e98e90b84,-14452000,-14392000,0
237,e37e1adfd1c54da4de925bd001fa533f7b52b2130289868f1fc870217fe4de53,-14378000,-14344000,0
238,32dbc5c921bb77a104dc4ef89025851cbcc0f190ff779f103d8ccd7385934876,-14312000,-14272000,0
239,46f0b3a7141b45e026464490edf85bc22a87e5dc1363dd30a4c690ff0f83fa50,-14454000,-14418000,0
240,d9be595b35ea3422e49b93e76b05b5f5d3c5602ce70667c7981083c3cb51af0e,-14372000,-14338000,0
