qblock_id,reads,k,seed,best_milli,median_milli,target_milli,winner_milli,reads_below_target,valid,beats_winner,wall_s,error
1000000,64,2,1478715919881699310,-14376000,-14326000,-14625068,0,0,0,1,2.385,
1000001,64,2,4376184273261413874,-14334000,-14278000,-14625068,0,0,0,1,2.236,
1000002,64,2,7630462608423163178,-14376000,-14304000,-14625068,0,0,0,1,2.304,
1000003,64,2,13219221884973785079,-14338000,-14270000,-14625068,0,0,0,1,2.306,
1000004,64,2,16834437056554293128,-14388000,-14328000,-14625068,0,0,0,1,2.278,
1000005,64,2,14384209413921587394,-14334000,-14272000,-14625068,0,0,0,1,2.344,
1000006,64,2,3049525951064352995,-14376000,-14334000,-14625068,0,0,0,1,2.365,
1000007,64,2,4536131265494191690,-14358000,-14322000,-14625068,0,0,0,1,2.319,
1000008,64,2,500845672396115406,-14330000,-14284000,-14625068,0,0,0,1,2.35,
1000009,64,2,4997987349907216079,-14362000,-14310000,-14625068,0,0,0,1,2.295,
1000010,64,2,5959279545835185826,-14338000,-14298000,-14625068,0,0,0,1,2.283,
1000011,64,2,11299016422478246229,-14386000,-14326000,-14625068,0,0,0,1,2.395,
1000012,64,2,13494877235187940883,-14364000,-14306000,-14625068,0,0,0,1,2.383,
1000013,64,2,6503060982377294137,-14296000,-14252000,-14625068,0,0,0,1,2.274,
1000014,64,2,4433955103942015662,-14466000,-14424000,-14625068,0,0,0,1,2.24,
1000015,64,2,2026625749136653339,-14378000,-14322000,-14625068,0,0,0,1,2.298,
1000016,64,2,973952738344359545,-14380000,-14320000,-14625068,0,0,0,1,2.434,
1000017,64,2,6947035723748263966,-14434000,-14384000,-14625068,0,0,0,1,2.27,
1000018,64,2,2755833996452244945,-14304000,-14260000,-14625068,0,0,0,1,2.338,
1000019,64,2,6752638241906208018,-14384000,-14332000,-14625068,0,0,0,1,2.358,
1000020,64,2,16519050325042254343,-14394000,-14344000,-14625068,0,0,0,1,2.346,
1000021,64,2,12811322752158997082,-14454000,-14388000,-14625068,0,0,0,1,2.355,
1000022,64,2,10806734720492093707,-14264000,-14208000,-14625068,0,0,0,1,2.337,
1000023,64,2,227237210423088758,-14272000,-14230000,-14625068,0,0,0,1,2.247,
1000024,64,2,7134244033204997991,-14408000,-14352000,-14625068,0,0,0,1,2.446,
1000025,64,2,10841731757693846564,-14360000,-14296000,-14625068,0,0,0,1,2.353,
1000026,64,2,14775928262578969465,-14468000,-14418000,-14625068,0,0,0,1,2.431,
1000027,64,2,7906059313888251863,-14266000,-14220000,-14625068,0,0,0,1,2.423,
1000028,64,2,16332811222452178153,-14354000,-14288000,-14625068,0,0,0,1,2.384,
1000029,64,2,18083056394927937772,-14328000,-14280000,-14625068,0,0,0,1,2.35,
1000030,64,2,8075954614189783506,-14336000,-14286000,-14625068,0,0,0,1,2.321,
1000031,64,2,6346522182503165757,-14408000,-14368000,-14625068,0,0,0,1,2.345,
1000032,64,2,8803289664573613272,-14438000,-14384000,-14625068,0,0,0,1,2.452,
1000033,64,2,12218436002050496188,-14340000,-14290000,-14625068,0,0,0,1,2.308,
1000034,64,2,16538355595736412009,-14408000,-14354000,-14625068,0,0,0,1,2.25,
1000035,64,2,15546615294117839365,-14316000,-14276000,-14625068,0,0,0,1,2.311,
1000036,64,2,2475889347787408099,-14318000,-14266000,-14625068,0,0,0,1,2.27,
1000037,64,2,11368350335837371346,-14344000,-14288000,-14625068,0,0,0,1,2.31,
1000038,64,2,16860288233781923995,-14370000,-14316000,-14625068,0,0,0,1,2.378,
1000039,64,2,1089204528402215886,-14402000,-14340000,-14625068,0,0,0,1,2.329,
1000040,64,2,11208771368836384075,-14250000,-14206000,-14625068,0,0,0,1,2.392,
1000041,64,2,7521352593458969887,-14304000,-14248000,-14625068,0,0,0,1,2.322,
1000042,64,2,17492561032272333250,-14302000,-14248000,-14625068,0,0,0,1,2.413,
1000043,64,2,16197766868221830063,-14412000,-14350000,-14625068,0,0,0,1,2.297,
1000044,64,2,17303922124579529742,-14362000,-14302000,-14625068,0,0,0,1,2.309,
1000045,64,2,14681449255908062863,-14356000,-14302000,-14625068,0,0,0,1,2.274,
1000046,64,2,7096713361862439652,-14458000,-14416000,-14625068,0,0,0,1,2.279,
1000047,64,2,2353416382401730767,-14388000,-14336000,-14625068,0,0,0,1,2.25,
1000048,64,2,843442202215113719,-14370000,-14318000,-14625068,0,0,0,1,2.314,
1000049,64,2,10715802594658862638,-14332000,-14282000,-14625068,0,0,0,1,2.341,
1000050,64,2,1356312947692944685,-14400000,-14338000,-14625068,0,0,0,1,2.341,
1000051,64,2,15574316532537688179,-14380000,-14332000,-14625068,0,0,0,1,2.242,
1000052,64,2,13928854617076866252,-14412000,-14324000,-14625068,0,0,0,1,2.397,
1000053,64,2,15170572144923513938,-14428000,-14374000,-14625068,0,0,0,1,2.24,
1000054,64,2,12779109239867509264,-14406000,-14354000,-14625068,0,0,0,1,2.35,
1000055,64,2,11362101321556248973,-14442000,-14384000,-14625068,0,0,0,1,2.382,
1000056,64,2,18234708507185036305,-14400000,-14360000,-14625068,0,0,0,1,2.364,
1000057,64,2,13858916193009866684,-14324000,-14278000,-14625068,0,0,0,1,2.554,
1000058,64,2,1848371696505360199,-14348000,-14296000,-14625068,0,0,0,1,2.363,
1000059,64,2,6630976557374191329,-14354000,-14296000,-14625068,0,0,0,1,2.298,
1000060,64,2,10330882070122619881,-14334000,-14282000,-14625068,0,0,0,1,2.265,
1000061,64,2,5176781428315017526,-14338000,-14292000,-14625068,0,0,0,1,2.322,
1000062,64,2,16290162274507439823,-14418000,-14370000,-14625068,0,0,0,1,2.264,
1000063,64,2,16149572262966665045,-14366000,-14316000,-14625068,0,0,0,1,2.362,
1000064,64,2,14333492615808796598,-14350000,-14304000,-14625068,0,0,0,1,2.459,
1000065,64,2,10764961556659772101,-14346000,-14302000,-14625068,0,0,0,1,2.333,
1000066,64,2,9030456136016540900,-14330000,-14282000,-14625068,0,0,0,1,2.378,
1000067,64,2,3359089359574998091,-14366000,-14300000,-14625068,0,0,0,1,2.442,
1000068,64,2,4235232629723061883,-14438000,-14390000,-14625068,0,0,0,1,2.317,
1000069,64,2,7199243745197216952,-14466000,-14384000,-14625068,0,0,0,1,2.316,
1000070,64,2,3723487833527862291,-14352000,-14284000,-14625068,0,0,0,1,2.334,
1000071,64,2,4818432879099035850,-14332000,-14284000,-14625068,0,0,0,1,2.244,
1000072,64,2,7193141450075570665,-14324000,-14276000,-14625068,0,0,0,1,2.368,
1000073,64,2,15196222151791461899,-14294000,-14252000,-14625068,0,0,0,1,2.303,
1000074,64,2,14555495033987672667,-14322000,-14256000,-14625068,0,0,0,1,2.396,
1000075,64,2,14267924060732337354,-14412000,-14348000,-14625068,0,0,0,1,2.416,
1000076,64,2,4767441399538952031,-14386000,-14336000,-14625068,0,0,0,1,2.471,
1000077,64,2,7796189022598542530,-14340000,-14274000,-14625068,0,0,0,1,2.311,
1000078,64,2,9074037503681123385,-14352000,-14284000,-14625068,0,0,0,1,2.353,
1000079,64,2,3163328774074308340,-14292000,-14232000,-14625068,0,0,0,1,2.245,
1000080,64,2,427244635233692884,-14372000,-14312000,-14625068,0,0,0,1,2.462,
1000081,64,2,11527075344461428637,-14334000,-14270000,-14625068,0,0,0,1,2.465,
1000082,64,2,1860528819354696147,-14432000,-14382000,-14625068,0,0,0,1,2.341,
1000083,64,2,2318694002940471579,-14364000,-14326000,-14625068,0,0,0,1,2.277,
1000084,64,2,4779857900050653893,-14380000,-14334000,-14625068,0,0,0,1,2.227,
1000085,64,2,11894522989534836899,-14312000,-14266000,-14625068,0,0,0,1,2.342,
1000086,64,2,12412557315580683451,-14436000,-14400000,-14625068,0,0,0,1,2.209,
1000087,64,2,14567820942619275334,-14358000,-14306000,-14625068,0,0,0,1,2.253,
1000088,64,2,3178503199877853198,-14414000,-14340000,-14625068,0,0,0,1,2.425,
1000089,64,2,5582826926273009149,-14350000,-14308000,-14625068,0,0,0,1,2.387,
1000090,64,2,15093673371217502417,-14416000,-14370000,-14625068,0,0,0,1,2.342,
1000091,64,2,3964845900874064913,-14296000,-14248000,-14625068,0,0,0,1,2.302,
1000092,64,2,2235655111302873705,-14326000,-14262000,-14625068,0,0,0,1,2.386,
1000093,64,2,6949955284666296344,-14412000,-14346000,-14625068,0,0,0,1,2.307,
1000094,64,2,16853264726554710718,-14298000,-14250000,-14625068,0,0,0,1,2.284,
1000095,64,2,1427479208293838389,-14416000,-14358000,-14625068,0,0,0,1,2.277,
1000096,64,2,11602519077313147771,-14360000,-14320000,-14625068,0,0,0,1,2.374,
1000097,64,2,6273593697530471582,-14368000,-14310000,-14625068,0,0,0,1,2.283,
1000098,64,2,15937271677151732423,-14384000,-14340000,-14625068,0,0,0,1,2.32,
1000099,64,2,11081452798607583124,-14334000,-14274000,-14625068,0,0,0,1,2.744,
1000100,64,2,4442335312302236503,-14306000,-14248000,-14625068,0,0,0,1,2.349,
1000101,64,2,16278853529250764324,-14402000,-14346000,-14625068,0,0,0,1,2.262,
1000102,64,2,15597816945337655938,-14442000,-14370000,-14625068,0,0,0,1,2.344,
1000103,64,2,17449771724564585894,-14320000,-14270000,-14625068,0,0,0,1,2.344,
1000104,64,2,16292995963081953914,-14400000,-14338000,-14625068,0,0,0,1,2.746,
1000105,64,2,13782422608081640371,-14372000,-14318000,-14625068,0,0,0,1,2.263,
1000106,64,2,10919150348956708098,-14304000,-14258000,-14625068,0,0,0,1,2.337,
1000107,64,2,5583800228217350220,-14314000,-14252000,-14625068,0,0,0,1,2.278,
1000108,64,2,5552301116281613516,-14268000,-14224000,-14625068,0,0,0,1,2.318,
1000109,64,2,1976675853879463347,-14354000,-14304000,-14625068,0,0,0,1,2.209,
1000110,64,2,3297075172572509231,-14370000,-14322000,-14625068,0,0,0,1,2.238,
1000111,64,2,3310367603841684383,-14346000,-14282000,-14625068,0,0,0,1,2.122,
1000112,64,2,13012341512727602339,-14430000,-14380000,-14625068,0,0,0,1,2.587,
1000113,64,2,17234987300874869875,-14322000,-14270000,-14625068,0,0,0,1,2.644,
1000114,64,2,11515521977678759935,-14480000,-14426000,-14625068,0,0,0,1,2.28,
1000115,64,2,7408953479071446650,-14348000,-14296000,-14625068,0,0,0,1,2.357,
1000116,64,2,16512483268917771066,-14378000,-14322000,-14625068,0,0,0,1,2.536,
1000117,64,2,12558034577901190669,-14370000,-14304000,-14625068,0,0,0,1,2.539,
1000118,64,2,12024613625461056,-14358000,-14314000,-14625068,0,0,0,1,2.314,
1000119,64,2,15350531137775411070,-14396000,-14326000,-14625068,0,0,0,1,2.269,
1000120,64,2,10808350679556553146,-14386000,-14318000,-14625068,0,0,0,1,2.43,
1000121,64,2,10894645304691015731,-14374000,-14304000,-14625068,0,0,0,1,2.299,
1000122,64,2,7097758602262313941,-14338000,-14302000,-14625068,0,0,0,1,2.298,
1000123,64,2,17189303260994337982,-14350000,-14306000,-14625068,0,0,0,1,2.39,
1000124,64,2,8313737424318705239,-14398000,-14342000,-14625068,0,0,0,1,2.276,
1000125,64,2,17167570275745847531,-14322000,-14272000,-14625068,0,0,0,1,2.402,
1000126,64,2,8449704360767846770,-14328000,-14282000,-14625068,0,0,0,1,2.278,
1000127,64,2,12467203512023032447,-14282000,-14212000,-14625068,0,0,0,1,2.26,
1000128,64,2,9280510288041077978,-14484000,-14424000,-14625068,0,0,0,1,2.272,
1000129,64,2,4082246414531584349,-14348000,-14302000,-14625068,0,0,0,1,2.405,
1000130,64,2,3922163759230196685,-14446000,-14382000,-14625068,0,0,0,1,2.306,
1000131,64,2,15439491822277575534,-14324000,-14274000,-14625068,0,0,0,1,2.374,
1000132,64,2,9725607388984738683,-14300000,-14248000,-14625068,0,0,0,1,2.316,
1000133,64,2,45570884825191181,-14406000,-14346000,-14625068,0,0,0,1,2.341,
1000134,64,2,10957061139218502924,-14424000,-14366000,-14625068,0,0,0,1,2.325,
1000135,64,2,9317147721842746285,-14350000,-14298000,-14625068,0,0,0,1,2.29,
1000136,64,2,13384514956413800189,-14388000,-14300000,-14625068,0,0,0,1,2.334,
1000137,64,2,17197619883602499243,-14324000,-14268000,-14625068,0,0,0,1,2.433,
1000138,64,2,14186167704277346074,-14400000,-14336000,-14625068,0,0,0,1,2.315,
1000139,64,2,14764601868150592400,-14476000,-14434000,-14625068,0,0,0,1,2.305,
1000140,64,2,3482335437218222367,-14368000,-14320000,-14625068,0,0,0,1,2.345,
1000141,64,2,14604076911743192831,-14310000,-14270000,-14625068,0,0,0,1,2.375,
1000142,64,2,11060690193045501529,-14338000,-14280000,-14625068,0,0,0,1,2.29,
1000143,64,2,13968689535055446746,-14314000,-14244000,-14625068,0,0,0,1,2.221,
1000144,64,2,5238365554165514292,-14428000,-14370000,-14625068,0,0,0,1,2.384,
1000145,64,2,11799396724362640527,-14390000,-14346000,-14625068,0,0,0,1,2.264,
1000146,64,2,10313791524838890687,-14426000,-14360000,-14625068,0,0,0,1,2.322,
1000147,64,2,7910784108055210932,-14370000,-14316000,-14625068,0,0,0,1,2.364,
1000148,64,2,16260318273181333383,-14388000,-14324000,-14625068,0,0,0,1,2.361,
1000149,64,2,4264909889154551390,-14310000,-14262000,-14625068,0,0,0,1,2.263,
1000150,64,2,2847950368247940876,-14364000,-14318000,-14625068,0,0,0,1,2.356,
1000151,64,2,9013331632000018879,-14358000,-14310000,-14625068,0,0,0,1,2.33,
1000152,64,2,15696267407472153300,-14368000,-14322000,-14625068,0,0,0,1,2.422,
1000153,64,2,7776970439250544642,-14354000,-14314000,-14625068,0,0,0,1,2.431,
1000154,64,2,13003187640133353879,-14264000,-14218000,-14625068,0,0,0,1,2.341,
1000155,64,2,8257140781506484496,-14360000,-14304000,-14625068,0,0,0,1,2.325,
1000156,64,2,90245261250256599,-14346000,-14292000,-14625068,0,0,0,1,2.258,
1000157,64,2,42054854805654879,-14432000,-14384000,-14625068,0,0,0,1,2.295,
1000158,64,2,13232346603992235940,-14366000,-14302000,-14625068,0,0,0,1,2.215,
1000159,64,2,17470000311674297520,-14348000,-14286000,-14625068,0,0,0,1,2.216,
1000160,64,2,3559696469102710920,-14420000,-14368000,-14625068,0,0,0,1,2.46,
1000161,64,2,5193741436745504377,-14358000,-14292000,-14625068,0,0,0,1,2.333,
1000162,64,2,11886820541388271526,-14320000,-14250000,-14625068,0,0,0,1,2.382,
1000163,64,2,13316441036564969961,-14298000,-14246000,-14625068,0,0,0,1,2.34,
1000164,64,2,17364923121287132810,-14360000,-14310000,-14625068,0,0,0,1,2.457,
1000165,64,2,6748623447989976556,-14460000,-14392000,-14625068,0,0,0,1,2.402,
1000166,64,2,6247851684343918834,-14238000,-14200000,-14625068,0,0,0,1,2.343,
1000167,64,2,7171819925430536960,-14460000,-14412000,-14625068,0,0,0,1,2.31,
1000168,64,2,9741226365317497101,-14350000,-14286000,-14625068,0,0,0,1,2.416,
1000169,64,2,4065300033418368139,-14316000,-14268000,-14625068,0,0,0,1,2.373,
1000170,64,2,11353226062888286497,-14324000,-14276000,-14625068,0,0,0,1,2.362,
1000171,64,2,9442055666571016039,-14302000,-14258000,-14625068,0,0,0,1,2.301,
1000172,64,2,18054582732497036093,-14346000,-14292000,-14625068,0,0,0,1,2.392,
1000173,64,2,583940385029755208,-14284000,-14232000,-14625068,0,0,0,1,2.393,
1000174,64,2,13857654947029555272,-14298000,-14250000,-14625068,0,0,0,1,2.222,
1000175,64,2,16299526739010938640,-14350000,-14290000,-14625068,0,0,0,1,2.263,
1000176,64,2,637059261372020054,-14418000,-14356000,-14625068,0,0,0,1,2.458,
1000177,64,2,7881249723674936641,-14406000,-14362000,-14625068,0,0,0,1,2.305,
1000178,64,2,1311229710783396186,-14402000,-14338000,-14625068,0,0,0,1,2.344,
1000179,64,2,1801419153868921542,-14346000,-14304000,-14625068,0,0,0,1,2.383,
1000180,64,2,8737788714015138366,-14506000,-14440000,-14625068,0,0,0,1,2.32,
1000181,64,2,5534767119487544800,-14344000,-14300000,-14625068,0,0,0,1,2.336,
1000182,64,2,15439686959712780162,-14292000,-14246000,-14625068,0,0,0,1,2.297,
1000183,64,2,6271072578662861609,-14366000,-14312000,-14625068,0,0,0,1,2.244,
1000184,64,2,4914783153031092292,-14466000,-14406000,-14625068,0,0,0,1,2.284,
1000185,64,2,13583188436221921099,-14404000,-14360000,-14625068,0,0,0,1,2.394,
1000186,64,2,11892362921301829030,-14394000,-14332000,-14625068,0,0,0,1,2.216,
1000187,64,2,2060209414957253894,-14354000,-14286000,-14625068,0,0,0,1,2.357,
1000188,64,2,3312740759305775486,-14366000,-14318000,-14625068,0,0,0,1,2.331,
1000189,64,2,10275458311576215489,-14336000,-14272000,-14625068,0,0,0,1,2.333,
1000190,64,2,15252708583560523126,-14368000,-14328000,-14625068,0,0,0,1,2.268,
1000191,64,2,5880774935056355791,-14330000,-14266000,-14625068,0,0,0,1,2.301,
1000192,64,2,11377785123774477345,-14374000,-14330000,-14625068,0,0,0,1,2.717,
1000193,64,2,9046979715607106393,-14326000,-14280000,-14625068,0,0,0,1,2.315,
1000194,64,2,9373073362700319917,-14318000,-14266000,-14625068,0,0,0,1,2.361,
1000195,64,2,244327583781979656,-14338000,-14292000,-14625068,0,0,0,1,2.32,
1000196,64,2,10967367781952577951,-14364000,-14312000,-14625068,0,0,0,1,2.401,
1000197,64,2,14239673726903810588,-14410000,-14362000,-14625068,0,0,0,1,2.25,
1000198,64,2,4095612940008952895,-14336000,-14296000,-14625068,0,0,0,1,2.26,
1000199,64,2,6657599115125727848,-14338000,-14276000,-14625068,0,0,0,1,2.216,
1000200,64,2,11838823779913336551,-14370000,-14330000,-14625068,0,0,0,1,2.262,
1000201,64,2,6624681913826534392,-14374000,-14330000,-14625068,0,0,0,1,2.332,
1000202,64,2,10405993072139728975,-14396000,-14328000,-14625068,0,0,0,1,2.299,
1000203,64,2,14280895110341499303,-14348000,-14292000,-14625068,0,0,0,1,2.515,
1000204,64,2,16171076032507398636,-14340000,-14280000,-14625068,0,0,0,1,2.322,
1000205,64,2,4053378292623394864,-14376000,-14320000,-14625068,0,0,0,1,2.295,
1000206,64,2,13027471491167634068,-14364000,-14320000,-14625068,0,0,0,1,2.225,
1000207,64,2,10237164727453576569,-14386000,-14324000,-14625068,0,0,0,1,2.117,
1000208,64,2,17228892147144313116,-14472000,-14424000,-14625068,0,0,0,1,2.469,
1000209,64,2,4499014576720263285,-14392000,-14332000,-14625068,0,0,0,1,2.339,
1000210,64,2,17788810627194415969,-14366000,-14328000,-14625068,0,0,0,1,2.384,
1000211,64,2,18286804372048072423,-14380000,-14330000,-14625068,0,0,0,1,2.376,
1000212,64,2,8972621844261896645,-14276000,-14230000,-14625068,0,0,0,1,2.286,
1000213,64,2,9996175748524947828,-14296000,-14246000,-14625068,0,0,0,1,2.452,
1000214,64,2,5177075778999035170,-14294000,-14244000,-14625068,0,0,0,1,2.273,
1000215,64,2,12699724853453347135,-14396000,-14344000,-14625068,0,0,0,1,2.282,
1000216,64,2,14246537775827197105,-14404000,-14364000,-14625068,0,0,0,1,2.375,
1000217,64,2,12748260489815186076,-14382000,-14326000,-14625068,0,0,0,1,2.387,
1000218,64,2,14721845355680007835,-14392000,-14340000,-14625068,0,0,0,1,2.378,
1000219,64,2,3263693478505258325,-14256000,-14202000,-14625068,0,0,0,1,2.246,
1000220,64,2,6440939573359742110,-14274000,-14220000,-14625068,0,0,0,1,2.353,
1000221,64,2,14247196149080548803,-14414000,-14356000,-14625068,0,0,0,1,2.373,
1000222,64,2,6660165483232323715,-14312000,-14256000,-14625068,0,0,0,1,2.296,
1000223,64,2,12717280243972170681,-14370000,-14302000,-14625068,0,0,0,1,2.278,
1000224,64,2,1207918812721685293,-14312000,-14244000,-14625068,0,0,0,1,2.357,
1000225,64,2,781576313742061180,-14422000,-14334000,-14625068,0,0,0,1,2.191,
1000226,64,2,5265381598523178838,-14318000,-14274000,-14625068,0,0,0,1,2.253,
1000227,64,2,2838673252351895765,-14302000,-14248000,-14625068,0,0,0,1,2.328,
1000228,64,2,5096769576440058919,-14430000,-14372000,-14625068,0,0,0,1,2.363,
1000229,64,2,137749654620682946,-14436000,-14380000,-14625068,0,0,0,1,2.366,
1000230,64,2,1526156066295059608,-14394000,-14360000,-14625068,0,0,0,1,2.327,
1000231,64,2,14925877602665962003,-14356000,-14302000,-14625068,0,0,0,1,2.32,
1000232,64,2,9960760881950429574,-14350000,-14290000,-14625068,0,0,0,1,2.458,
1000233,64,2,16731487932560129295,-14406000,-14346000,-14625068,0,0,0,1,2.278,
1000234,64,2,3785068583307987379,-14498000,-14432000,-14625068,0,0,0,1,2.399,
1000235,64,2,13284299574877281887,-14262000,-14206000,-14625068,0,0,0,1,2.355,
1000236,64,2,10943193171552070351,-14324000,-14264000,-14625068,0,0,0,1,2.317,
1000237,64,2,13331441581938303296,-14386000,-14320000,-14625068,0,0,0,1,2.339,
1000238,64,2,16642240639611874137,-14406000,-14352000,-14625068,0,0,0,1,2.343,
1000239,64,2,16480777298153920418,-14408000,-14346000,-14625068,0,0,0,1,2.248,
1000240,64,2,12565115811048598076,-14352000,-14282000,-14625068,0,0,0,1,2.344,
1000241,64,2,13384523933108445284,-14514000,-14476000,-14625068,0,0,0,1,2.283,
1000242,64,2,18070898295934829938,-14278000,-14234000,-14625068,0,0,0,1,2.425,
1000243,64,2,15674647050965114927,-14340000,-14294000,-14625068,0,0,0,1,2.376,
1000244,64,2,3546404854010680598,-14424000,-14382000,-14625068,0,0,0,1,2.27,
1000245,64,2,16510923671937784364,-14400000,-14338000,-14625068,0,0,0,1,2.369,
1000246,64,2,1457316144734502980,-14332000,-14276000,-14625068,0,0,0,1,2.384,
1000247,64,2,5553222248924783711,-14352000,-14288000,-14625068,0,0,0,1,2.287,
1000248,64,2,2906002961321270242,-14406000,-14350000,-14625068,0,0,0,1,2.381,
1000249,64,2,7612699417687709794,-14390000,-14340000,-14625068,0,0,0,1,2.31,
1000250,64,2,3102378437175970758,-14364000,-14318000,-14625068,0,0,0,1,2.355,
1000251,64,2,1230430420140895173,-14380000,-14340000,-14625068,0,0,0,1,2.877,
1000252,64,2,14874950639552868521,-14316000,-14276000,-14625068,0,0,0,1,2.414,
1000253,64,2,7327001244286562638,-14374000,-14324000,-14625068,0,0,0,1,2.348,
1000254,64,2,12928447091717111224,-14374000,-14300000,-14625068,0,0,0,1,2.332,
1000255,64,2,3440968481897291265,-14326000,-14266000,-14625068,0,0,0,1,2.241,
1000256,64,2,17967229198611172889,-14416000,-14338000,-14625068,0,0,0,1,2.374,
1000257,64,2,9476721901781208040,-14302000,-14242000,-14625068,0,0,0,1,2.341,
1000258,64,2,4660841687844538696,-14418000,-14370000,-14625068,0,0,0,1,2.508,
1000259,64,2,17850647757299975094,-14306000,-14240000,-14625068,0,0,0,1,2.352,
1000260,64,2,6105962628673513916,-14322000,-14276000,-14625068,0,0,0,1,2.489,
1000261,64,2,12884213887597422646,-14300000,-14240000,-14625068,0,0,0,1,2.353,
1000262,64,2,16876632369367944528,-14352000,-14286000,-14625068,0,0,0,1,2.244,
1000263,64,2,13127364527743798378,-14356000,-14296000,-14625068,0,0,0,1,2.279,
1000264,64,2,12451842278064571339,-14406000,-14366000,-14625068,0,0,0,1,2.481,
1000265,64,2,11611750412869141200,-14380000,-14314000,-14625068,0,0,0,1,2.366,
1000266,64,2,6034985322826507843,-14382000,-14300000,-14625068,0,0,0,1,2.339,
1000267,64,2,3790334973020577711,-14406000,-14342000,-14625068,0,0,0,1,2.385,
1000268,64,2,2256323982492620355,-14244000,-14186000,-14625068,0,0,0,1,2.314,
1000269,64,2,18385619481332971727,-14338000,-14292000,-14625068,0,0,0,1,2.358,
1000270,64,2,15255144822775861477,-14316000,-14268000,-14625068,0,0,0,1,2.242,
1000271,64,2,14785189729249522176,-14362000,-14316000,-14625068,0,0,0,1,2.291,
1000272,64,2,12604430697995556538,-14326000,-14278000,-14625068,0,0,0,1,2.394,
1000273,64,2,3077371818134998565,-14386000,-14336000,-14625068,0,0,0,1,2.454,
1000274,64,2,13286045712925878370,-14410000,-14352000,-14625068,0,0,0,1,2.434,
1000275,64,2,3713350422824087251,-14454000,-14386000,-14625068,0,0,0,1,2.235,
1000276,64,2,7127677027511788069,-14320000,-14282000,-14625068,0,0,0,1,2.304,
1000277,64,2,6922295484626879330,-14306000,-14246000,-14625068,0,0,0,1,2.384,
1000278,64,2,3355795778854687252,-14426000,-14368000,-14625068,0,0,0,1,2.29,
1000279,64,2,7473142476349003857,-14488000,-14438000,-14625068,0,0,0,1,2.252,
1000280,64,2,16834466842341119568,-14376000,-14312000,-14625068,0,0,0,1,2.306,
1000281,64,2,5989443620893622109,-14376000,-14326000,-14625068,0,0,0,1,2.371,
1000282,64,2,65818597155641534,-14400000,-14344000,-14625068,0,0,0,1,2.416,
1000283,64,2,14339161107503096129,-14348000,-14280000,-14625068,0,0,0,1,2.481,
1000284,64,2,13129897962111243662,-14356000,-14308000,-14625068,0,0,0,1,2.38,
1000285,64,2,13467107358413658590,-14464000,-14410000,-14625068,0,0,0,1,2.256,
1000286,64,2,10335708685531268020,-14278000,-14212000,-14625068,0,0,0,1,2.328,
1000287,64,2,13625843966263722002,-14346000,-14304000,-14625068,0,0,0,1,2.382,
1000288,64,2,15848110359762948430,-14504000,-14450000,-14625068,0,0,0,1,2.432,
1000289,64,2,4691322246984749992,-14314000,-14270000,-14625068,0,0,0,1,2.254,
1000290,64,2,15532103480464186772,-14344000,-14274000,-14625068,0,0,0,1,2.372,
1000291,64,2,8157709794340373503,-14368000,-14314000,-14625068,0,0,0,1,2.343,
1000292,64,2,5131163732441200161,-14290000,-14230000,-14625068,0,0,0,1,2.297,
1000293,64,2,8238296680532659980,-14394000,-14340000,-14625068,0,0,0,1,2.295,
1000294,64,2,15230637279873406216,-14462000,-14416000,-14625068,0,0,0,1,2.393,
1000295,64,2,8699969770511313408,-14390000,-14344000,-14625068,0,0,0,1,2.267,
1000296,64,2,7647841084805143837,-14424000,-14370000,-14625068,0,0,0,1,2.387,
1000297,64,2,341931049371182227,-14402000,-14350000,-14625068,0,0,0,1,2.409,
1000298,64,2,15028535377920281324,-14338000,-14300000,-14625068,0,0,0,1,2.39,
1000299,64,2,13993573277437030731,-14360000,-14320000,-14625068,0,0,0,1,2.376,
1000300,64,2,14283216492175414480,-14350000,-14296000,-14625068,0,0,0,1,2.386,
1000301,64,2,21766322861384089,-14440000,-14390000,-14625068,0,0,0,1,2.334,
1000302,64,2,911482323452337231,-14392000,-14340000,-14625068,0,0,0,1,2.259,
1000303,64,2,5526360663459529781,-14330000,-14268000,-14625068,0,0,0,1,2.289,
1000304,64,2,12405708039021210062,-14370000,-14318000,-14625068,0,0,0,1,2.448,
1000305,64,2,1148116937785522790,-14328000,-14268000,-14625068,0,0,0,1,2.351,
1000306,64,2,12685214178669075705,-14346000,-14288000,-14625068,0,0,0,1,2.331,
1000307,64,2,11365953364100468412,-14378000,-14334000,-14625068,0,0,0,1,2.373,
1000308,64,2,15505246601342587736,-14460000,-14418000,-14625068,0,0,0,1,2.448,
1000309,64,2,15293421270717748277,-14400000,-14328000,-14625068,0,0,0,1,2.319,
1000310,64,2,4471885189292670859,-14328000,-14280000,-14625068,0,0,0,1,2.246,
1000311,64,2,6477673892632929420,-14314000,-14254000,-14625068,0,0,0,1,2.274,
1000312,64,2,5958977565080036880,-14356000,-14288000,-14625068,0,0,0,1,2.421,
1000313,64,2,3187952683856900200,-14338000,-14280000,-14625068,0,0,0,1,2.293,
1000314,64,2,17993840358353883868,-14376000,-14324000,-14625068,0,0,0,1,2.335,
1000315,64,2,15454593290375886242,-14320000,-14274000,-14625068,0,0,0,1,2.328,
1000316,64,2,2937068585092965071,-14362000,-14304000,-14625068,0,0,0,1,2.426,
1000317,64,2,11811911983655745131,-14348000,-14274000,-14625068,0,0,0,1,2.371,
1000318,64,2,6375318259039585429,-14398000,-14354000,-14625068,0,0,0,1,2.277,
1000319,64,2,4454629218299470350,-14386000,-14322000,-14625068,0,0,0,1,2.278,
1000320,64,2,468515638433569788,-14402000,-14352000,-14625068,0,0,0,1,2.396,
1000321,64,2,11510482030050730095,-14348000,-14288000,-14625068,0,0,0,1,2.365,
1000322,64,2,10041134435133053864,-14310000,-14254000,-14625068,0,0,0,1,2.35,
1000323,64,2,6627690046070457660,-14350000,-14284000,-14625068,0,0,0,1,2.378,
1000324,64,2,13200435136569803363,-14398000,-14340000,-14625068,0,0,0,1,2.331,
1000325,64,2,12461475287079868784,-14418000,-14356000,-14625068,0,0,0,1,2.386,
1000326,64,2,10700029167272637745,-14382000,-14318000,-14625068,0,0,0,1,2.341,
1000327,64,2,12918530955122939248,-14378000,-14308000,-14625068,0,0,0,1,2.294,
1000328,64,2,10882906643880919313,-14384000,-14332000,-14625068,0,0,0,1,2.371,
1000329,64,2,2010256179829328333,-14320000,-14268000,-14625068,0,0,0,1,2.412,
1000330,64,2,16384593601944854818,-14308000,-14248000,-14625068,0,0,0,1,2.35,
1000331,64,2,9558536787020930832,-14302000,-14238000,-14625068,0,0,0,1,2.357,
1000332,64,2,7910287902948548624,-14422000,-14362000,-14625068,0,0,0,1,2.353,
1000333,64,2,2195819513887240284,-14322000,-14286000,-14625068,0,0,0,1,2.374,
1000334,64,2,17364665715496342813,-14402000,-14334000,-14625068,0,0,0,1,2.244,
1000335,64,2,11900859266271345913,-14414000,-14352000,-14625068,0,0,0,1,2.222,
1000336,64,2,5848815016368344751,-14344000,-14284000,-14625068,0,0,0,1,2.432,
1000337,64,2,13657791745318772039,-14344000,-14278000,-14625068,0,0,0,1,2.412,
1000338,64,2,17343822461135107976,-14382000,-14332000,-14625068,0,0,0,1,2.698,
1000339,64,2,510404981901714512,-14350000,-14290000,-14625068,0,0,0,1,2.391,
1000340,64,2,3836597959141317868,-14316000,-14272000,-14625068,0,0,0,1,2.266,
1000341,64,2,7371458430577672013,-14380000,-14322000,-14625068,0,0,0,1,2.296,
1000342,64,2,4405944321528184504,-14328000,-14282000,-14625068,0,0,0,1,2.331,
1000343,64,2,1802111851271007527,-14306000,-14264000,-14625068,0,0,0,1,2.301,
1000344,64,2,1827801928977174500,-14372000,-14314000,-14625068,0,0,0,1,2.373,
1000345,64,2,10792183405533207812,-14318000,-14278000,-14625068,0,0,0,1,2.439,
1000346,64,2,15855586421218188235,-14316000,-14264000,-14625068,0,0,0,1,2.301,
1000347,64,2,15783303790038851171,-14312000,-14254000,-14625068,0,0,0,1,2.282,
1000348,64,2,16735462232926921721,-14306000,-14254000,-14625068,0,0,0,1,2.35,
1000349,64,2,5327781154834202216,-14350000,-14304000,-14625068,0,0,0,1,2.476,
1000350,64,2,1276038987911038687,-14428000,-14380000,-14625068,0,0,0,1,2.377,
1000351,64,2,8805346897378621613,-14440000,-14394000,-14625068,0,0,0,1,2.094,
1000352,64,2,3934285990718257354,-14382000,-14324000,-14625068,0,0,0,1,2.441,
1000353,64,2,9244947385823257340,-14384000,-14338000,-14625068,0,0,0,1,2.382,
1000354,64,2,313644797753031885,-14372000,-14322000,-14625068,0,0,0,1,2.42,
1000355,64,2,15144150687601675337,-14424000,-14352000,-14625068,0,0,0,1,2.349,
1000356,64,2,2102790626630089607,-14364000,-14324000,-14625068,0,0,0,1,2.333,
1000357,64,2,7436045549963065854,-14398000,-14352000,-14625068,0,0,0,1,2.43,
1000358,64,2,18283377674426468195,-14412000,-14346000,-14625068,0,0,0,1,2.319,
1000359,64,2,15394601264340121189,-14392000,-14346000,-14625068,0,0,0,1,2.378,
1000360,64,2,2017372460077165738,-14434000,-14380000,-14625068,0,0,0,1,2.483,
1000361,64,2,3509446424884700822,-14370000,-14292000,-14625068,0,0,0,1,2.3,
1000362,64,2,15304777081506021803,-14388000,-14312000,-14625068,0,0,0,1,2.421,
1000363,64,2,5067402470032082688,-14408000,-14368000,-14625068,0,0,0,1,2.36,
1000364,64,2,5578659979967710405,-14392000,-14340000,-14625068,0,0,0,1,2.319,
1000365,64,2,6999694597194899590,-14414000,-14346000,-14625068,0,0,0,1,2.344,
1000366,64,2,13409338938834939002,-14348000,-14312000,-14625068,0,0,0,1,2.362,
1000367,64,2,1161034576385372962,-14348000,-14298000,-14625068,0,0,0,1,2.229,
1000368,64,2,13871241088579299651,-14422000,-14376000,-14625068,0,0,0,1,2.511,
1000369,64,2,16599050504144988502,-14310000,-14266000,-14625068,0,0,0,1,2.338,
1000370,64,2,2394989774394857721,-14440000,-14398000,-14625068,0,0,0,1,2.251,
1000371,64,2,884672361618918412,-14292000,-14232000,-14625068,0,0,0,1,2.334,
1000372,64,2,7438455800103308858,-14288000,-14240000,-14625068,0,0,0,1,2.312,
1000373,64,2,6312939890250163460,-14324000,-14264000,-14625068,0,0,0,1,2.44,
1000374,64,2,6386264829101607815,-14456000,-14396000,-14625068,0,0,0,1,2.388,
1000375,64,2,11852736121000785391,-14388000,-14326000,-14625068,0,0,0,1,2.311,
1000376,64,2,7423755614085432871,-14332000,-14286000,-14625068,0,0,0,1,2.919,
1000377,64,2,12482885035221193345,-14342000,-14282000,-14625068,0,0,0,1,2.244,
1000378,64,2,8869677778522664456,-14398000,-14340000,-14625068,0,0,0,1,2.943,
1000379,64,2,11570983168791876462,-14360000,-14292000,-14625068,0,0,0,1,3.054,
1000380,64,2,10652102187827396742,-14390000,-14330000,-14625068,0,0,0,1,3.072,
1000381,64,2,3596083402480938554,-14326000,-14282000,-14625068,0,0,0,1,2.317,
1000382,64,2,15512446510180316033,-14410000,-14360000,-14625068,0,0,0,1,2.331,
1000383,64,2,18424829480458492710,-14402000,-14360000,-14625068,0,0,0,1,2.318,
1000384,64,2,9670182939125784007,-14426000,-14348000,-14625068,0,0,0,1,2.466,
1000385,64,2,11228465633719223556,-14370000,-14296000,-14625068,0,0,0,1,2.36,
1000386,64,2,9984359100437703102,-14444000,-14378000,-14625068,0,0,0,1,2.395,
1000387,64,2,9298392053439496032,-14366000,-14320000,-14625068,0,0,0,1,2.312,
1000388,64,2,12129183994939512121,-14330000,-14286000,-14625068,0,0,0,1,2.372,
1000389,64,2,17588996765850451574,-14348000,-14288000,-14625068,0,0,0,1,2.303,
1000390,64,2,4376199362166826412,-14376000,-14330000,-14625068,0,0,0,1,2.403,
1000391,64,2,17919626376242889781,-14318000,-14266000,-14625068,0,0,0,1,2.338,
1000392,64,2,17989449965996468408,-14292000,-14230000,-14625068,0,0,0,1,2.317,
1000393,64,2,13516096699832716883,-14440000,-14382000,-14625068,0,0,0,1,2.409,
1000394,64,2,11754884696799137722,-14322000,-14268000,-14625068,0,0,0,1,2.357,
1000395,64,2,1302711653040125239,-14394000,-14340000,-14625068,0,0,0,1,2.436,
1000396,64,2,18132468119977936258,-14280000,-14232000,-14625068,0,0,0,1,2.316,
1000397,64,2,13245841978139697022,-14420000,-14364000,-14625068,0,0,0,1,2.316,
1000398,64,2,11977604827637240669,-14398000,-14346000,-14625068,0,0,0,1,2.325,
1000399,64,2,2421148257839071191,-14368000,-14326000,-14625068,0,0,0,1,2.339,
1000400,64,2,15880961505076281724,-14210000,-14168000,-14625068,0,0,0,1,2.413,
1000401,64,2,15293768278004004787,-14432000,-14394000,-14625068,0,0,0,1,2.534,
1000402,64,2,1574537794043354795,-14358000,-14314000,-14625068,0,0,0,1,2.446,
1000403,64,2,17425853966753157303,-14428000,-14368000,-14625068,0,0,0,1,2.452,
1000404,64,2,5203874238861350082,-14412000,-14362000,-14625068,0,0,0,1,2.346,
1000405,64,2,17017760291726835300,-14274000,-14234000,-14625068,0,0,0,1,2.235,
1000406,64,2,9073636969965677793,-14280000,-14234000,-14625068,0,0,0,1,2.329,
1000407,64,2,17792988417866649656,-14306000,-14260000,-14625068,0,0,0,1,2.246,
1000408,64,2,2082963420570935289,-14330000,-14290000,-14625068,0,0,0,1,2.512,
1000409,64,2,14330937761096211980,-14220000,-14170000,-14625068,0,0,0,1,2.503,
1000410,64,2,14474705500073826712,-14360000,-14310000,-14625068,0,0,0,1,2.368,
1000411,64,2,9254567996023431501,-14358000,-14310000,-14625068,0,0,0,1,2.375,
1000412,64,2,13173737694517794266,-14340000,-14288000,-14625068,0,0,0,1,2.288,
1000413,64,2,8429757725556545952,-14288000,-14244000,-14625068,0,0,0,1,2.397,
1000414,64,2,11554411937362273890,-14390000,-14312000,-14625068,0,0,0,1,2.266,
1000415,64,2,9303023076532125209,-14400000,-14334000,-14625068,0,0,0,1,2.252,
1000416,64,2,14734244217241005857,-14392000,-14328000,-14625068,0,0,0,1,2.444,
1000417,64,2,10217053307954910220,-14346000,-14286000,-14625068,0,0,0,1,2.465,
1000418,64,2,6549907018991519605,-14380000,-14324000,-14625068,0,0,0,1,2.367,
1000419,64,2,9610982994253453171,-14374000,-14322000,-14625068,0,0,0,1,2.362,
1000420,64,2,5901385562078057836,-14396000,-14346000,-14625068,0,0,0,1,2.357,
1000421,64,2,6368177869498865719,-14388000,-14332000,-14625068,0,0,0,1,2.347,
1000422,64,2,1489613248021763196,-14400000,-14314000,-14625068,0,0,0,1,2.342,
1000423,64,2,10482401759350502384,-14478000,-14404000,-14625068,0,0,0,1,2.222,
1000424,64,2,15735706353847098245,-14306000,-14258000,-14625068,0,0,0,1,2.436,
1000425,64,2,16842735346148830000,-14324000,-14280000,-14625068,0,0,0,1,2.536,
1000426,64,2,10786475958108524117,-14392000,-14330000,-14625068,0,0,0,1,2.391,
1000427,64,2,859074490394140286,-14420000,-14372000,-14625068,0,0,0,1,2.438,
1000428,64,2,834963100885556138,-14380000,-14330000,-14625068,0,0,0,1,2.365,
1000429,64,2,617901154626013983,-14444000,-14382000,-14625068,0,0,0,1,2.274,
1000430,64,2,10892915293797295302,-14308000,-14246000,-14625068,0,0,0,1,2.73,
1000431,64,2,5001798195153759567,-14310000,-14272000,-14625068,0,0,0,1,2.273,
1000432,64,2,712002072398983256,-14462000,-14398000,-14625068,0,0,0,1,2.414,
1000433,64,2,14212595408262983804,-14422000,-14362000,-14625068,0,0,0,1,2.574,
1000434,64,2,7304680589040719969,-14334000,-14278000,-14625068,0,0,0,1,2.309,
1000435,64,2,814409921345676342,-14342000,-14256000,-14625068,0,0,0,1,2.384,
1000436,64,2,13116285427155429823,-14336000,-14294000,-14625068,0,0,0,1,2.347,
1000437,64,2,7865248977718221533,-14350000,-14308000,-14625068,0,0,0,1,2.315,
1000438,64,2,14316697109145192600,-14410000,-14354000,-14625068,0,0,0,1,2.258,
1000439,64,2,10699769993155805650,-14430000,-14384000,-14625068,0,0,0,1,2.108,
1000440,64,2,919927421281052994,-14390000,-14320000,-14625068,0,0,0,1,2.401,
1000441,64,2,13458241207320974658,-14308000,-14264000,-14625068,0,0,0,1,2.499,
1000442,64,2,16253493751346327637,-14354000,-14310000,-14625068,0,0,0,1,2.415,
1000443,64,2,18217027613403340566,-14374000,-14324000,-14625068,0,0,0,1,2.238,
1000444,64,2,12926311057301335166,-14362000,-14298000,-14625068,0,0,0,1,2.311,
1000445,64,2,4109064512417120113,-14352000,-14294000,-14625068,0,0,0,1,2.376,
1000446,64,2,669402026634522517,-14370000,-14322000,-14625068,0,0,0,1,2.409,
1000447,64,2,15375714732737283414,-14408000,-14340000,-14625068,0,0,0,1,2.231,
1000448,64,2,6583547365478233978,-14342000,-14282000,-14625068,0,0,0,1,2.403,
1000449,64,2,3351526283390853625,-14294000,-14230000,-14625068,0,0,0,1,2.449,
1000450,64,2,2846238575589619187,-14416000,-14366000,-14625068,0,0,0,1,2.408,
1000451,64,2,974063172102525935,-14404000,-14336000,-14625068,0,0,0,1,2.433,
1000452,64,2,8631654909137421110,-14316000,-14274000,-14625068,0,0,0,1,2.452,
1000453,64,2,17014695681852652873,-14308000,-14258000,-14625068,0,0,0,1,2.365,
1000454,64,2,6063418380730776538,-14334000,-14288000,-14625068,0,0,0,1,2.29,
1000455,64,2,8560564107267250448,-14388000,-14340000,-14625068,0,0,0,1,2.301,
1000456,64,2,13769570342755321244,-14340000,-14284000,-14625068,0,0,0,1,2.452,
1000457,64,2,7166743883765284878,-14478000,-14418000,-14625068,0,0,0,1,2.39,
1000458,64,2,875665137172511493,-14394000,-14334000,-14625068,0,0,0,1,2.421,
1000459,64,2,6106615850165260608,-14412000,-14356000,-14625068,0,0,0,1,2.454,
1000460,64,2,1931646837586425650,-14340000,-14292000,-14625068,0,0,0,1,2.352,
1000461,64,2,16514184868026233115,-14318000,-14260000,-14625068,0,0,0,1,2.383,
1000462,64,2,10657164756695791471,-14304000,-14244000,-14625068,0,0,0,1,2.314,
1000463,64,2,4653031258752429055,-14360000,-14318000,-14625068,0,0,0,1,2.327,
1000464,64,2,12515788815693553381,-14412000,-14360000,-14625068,0,0,0,1,2.341,
1000465,64,2,3087083274387477346,-14284000,-14240000,-14625068,0,0,0,1,2.414,
1000466,64,2,18169356710178476790,-14332000,-14278000,-14625068,0,0,0,1,2.353,
1000467,64,2,8899587919440122870,-14354000,-14292000,-14625068,0,0,0,1,2.34,
1000468,64,2,87314725929450780,-14452000,-14386000,-14625068,0,0,0,1,2.381,
1000469,64,2,140635733993866381,-14308000,-14252000,-14625068,0,0,0,1,2.344,
1000470,64,2,12155916596257696613,-14368000,-14322000,-14625068,0,0,0,1,2.307,
1000471,64,2,1646456228744885947,-14394000,-14328000,-14625068,0,0,0,1,2.468,
1000472,64,2,3803238899815724289,-14268000,-14214000,-14625068,0,0,0,1,2.473,
1000473,64,2,1640531262451000793,-14316000,-14278000,-14625068,0,0,0,1,2.406,
1000474,64,2,11817434490812851754,-14312000,-14252000,-14625068,0,0,0,1,2.466,
1000475,64,2,10454977911313361076,-14432000,-14382000,-14625068,0,0,0,1,2.345,
1000476,64,2,6474923575876285096,-14318000,-14268000,-14625068,0,0,0,1,2.384,
1000477,64,2,17006498830568618712,-14416000,-14354000,-14625068,0,0,0,1,2.384,
1000478,64,2,8546749228930073897,-14310000,-14248000,-14625068,0,0,0,1,2.258,
1000479,64,2,12726448411394727361,-14394000,-14324000,-14625068,0,0,0,1,2.254,
1000480,64,2,17957934952487581315,-14320000,-14268000,-14625068,0,0,0,1,2.3,
1000481,64,2,736360238768084820,-14366000,-14316000,-14625068,0,0,0,1,2.416,
1000482,64,2,13500271841117951542,-14344000,-14302000,-14625068,0,0,0,1,2.354,
1000483,64,2,8724217503547044614,-14394000,-14330000,-14625068,0,0,0,1,2.365,
1000484,64,2,1265724551008227317,-14358000,-14308000,-14625068,0,0,0,1,2.397,
1000485,64,2,12355182967790170647,-14444000,-14394000,-14625068,0,0,0,1,2.278,
1000486,64,2,1758825195512784924,-14330000,-14292000,-14625068,0,0,0,1,2.382,
1000487,64,2,8069915190860417067,-14444000,-14396000,-14625068,0,0,0,1,2.311,
1000488,64,2,599814269692679245,-14374000,-14296000,-14625068,0,0,0,1,2.508,
1000489,64,2,17196925620154419899,-14294000,-14250000,-14625068,0,0,0,1,2.402,
1000490,64,2,11008695615063794759,-14348000,-14286000,-14625068,0,0,0,1,2.314,
1000491,64,2,17438602009377763708,-14398000,-14340000,-14625068,0,0,0,1,2.402,
1000492,64,2,10256771596985898679,-14378000,-14326000,-14625068,0,0,0,1,2.428,
1000493,64,2,4516619004606045038,-14370000,-14318000,-14625068,0,0,0,1,2.25,
1000494,64,2,9058976100782710843,-14386000,-14326000,-14625068,0,0,0,1,2.279,
1000495,64,2,12824885985848303422,-14392000,-14330000,-14625068,0,0,0,1,2.296,
1000496,64,2,12009209600123461034,-14406000,-14348000,-14625068,0,0,0,1,2.521,
1000497,64,2,12812266684577241194,-14376000,-14318000,-14625068,0,0,0,1,2.384,
1000498,64,2,10934162531252025890,-14318000,-14266000,-14625068,0,0,0,1,2.387,
1000499,64,2,6467475112587662441,-14414000,-14376000,-14625068,0,0,0,1,2.388,
1000500,64,2,15930088877524168642,-14306000,-14254000,-14625068,0,0,0,1,2.367,
1000501,64,2,3073364920772526301,-14236000,-14190000,-14625068,0,0,0,1,2.324,
1000502,64,2,10439256878536644294,-14344000,-14282000,-14625068,0,0,0,1,2.419,
1000503,64,2,12549999638804474877,-14352000,-14316000,-14625068,0,0,0,1,2.246,
1000504,64,2,8042049617342209304,-14332000,-14272000,-14625068,0,0,0,1,2.438,
1000505,64,2,11187964024660571917,-14426000,-14372000,-14625068,0,0,0,1,2.35,
1000506,64,2,13299072270112581468,-14376000,-14332000,-14625068,0,0,0,1,2.451,
1000507,64,2,16175161683714494985,-14326000,-14266000,-14625068,0,0,0,1,2.423,
1000508,64,2,9540077687029457863,-14342000,-14298000,-14625068,0,0,0,1,2.294,
1000509,64,2,17161445237549422137,-14300000,-14258000,-14625068,0,0,0,1,2.334,
1000510,64,2,17763952460592639515,-14306000,-14262000,-14625068,0,0,0,1,2.238,
1000511,64,2,5472611861315233836,-14420000,-14362000,-14625068,0,0,0,1,2.264,
1000512,64,2,1723343609723277939,-14446000,-14384000,-14625068,0,0,0,1,2.245,
1000513,64,2,10717282840435430375,-14324000,-14278000,-14625068,0,0,0,1,3.388,
1000514,64,2,17083123896756298412,-14320000,-14272000,-14625068,0,0,0,1,2.327,
1000515,64,2,12674047042605356705,-14382000,-14340000,-14625068,0,0,0,1,3.277,
1000516,64,2,11260602046754840345,-14500000,-14430000,-14625068,0,0,0,1,3.212,
1000517,64,2,754545131669348245,-14376000,-14332000,-14625068,0,0,0,1,2.3,
1000518,64,2,1022806274094117292,-14394000,-14354000,-14625068,0,0,0,1,2.278,
1000519,64,2,13305478554374409467,-14352000,-14308000,-14625068,0,0,0,1,2.323,
1000520,64,2,1079100626634571547,-14334000,-14292000,-14625068,0,0,0,1,2.442,
1000521,64,2,421863996801758493,-14400000,-14336000,-14625068,0,0,0,1,2.464,
1000522,64,2,656537863457647026,-14432000,-14378000,-14625068,0,0,0,1,2.741,
1000523,64,2,3853885721650830102,-14418000,-14362000,-14625068,0,0,0,1,2.363,
1000524,64,2,5256590446302742381,-14302000,-14250000,-14625068,0,0,0,1,2.28,
1000525,64,2,11588247627035080056,-14440000,-14392000,-14625068,0,0,0,1,2.385,
1000526,64,2,17428991266891548667,-14350000,-14298000,-14625068,0,0,0,1,2.296,
1000527,64,2,14957042038300410422,-14382000,-14330000,-14625068,0,0,0,1,2.216,
1000528,64,2,16904997255375526746,-14336000,-14290000,-14625068,0,0,0,1,2.485,
1000529,64,2,9869262156052885393,-14470000,-14412000,-14625068,0,0,0,1,2.363,
1000530,64,2,17481290491876417184,-14386000,-14340000,-14625068,0,0,0,1,2.346,
1000531,64,2,7638775013356053980,-14388000,-14332000,-14625068,0,0,0,1,2.364,
1000532,64,2,10106403316293648549,-14384000,-14332000,-14625068,0,0,0,1,2.329,
1000533,64,2,14132361693962240792,-14336000,-14276000,-14625068,0,0,0,1,2.463,
1000534,64,2,7274357094452200526,-14424000,-14378000,-14625068,0,0,0,1,2.279,
1000535,64,2,4861798785594692454,-14432000,-14370000,-14625068,0,0,0,1,2.119,
1000536,64,2,9091917968434124168,-14316000,-14252000,-14625068,0,0,0,1,2.482,
1000537,64,2,7330637163692954679,-14350000,-14280000,-14625068,0,0,0,1,2.682,
1000538,64,2,16874489776439020214,-14434000,-14386000,-14625068,0,0,0,1,2.329,
1000539,64,2,8552289405459528372,-14446000,-14388000,-14625068,0,0,0,1,2.355,
1000540,64,2,7492272085410137227,-14352000,-14284000,-14625068,0,0,0,1,2.356,
1000541,64,2,18153749271711825895,-14404000,-14360000,-14625068,0,0,0,1,2.318,
1000542,64,2,625374673209443270,-14326000,-14284000,-14625068,0,0,0,1,2.362,
1000543,64,2,2450298065592678314,-14322000,-14272000,-14625068,0,0,0,1,2.275,
1000544,64,2,16870325413779817822,-14376000,-14330000,-14625068,0,0,0,1,2.427,
1000545,64,2,5387603442851028506,-14358000,-14308000,-14625068,0,0,0,1,2.442,
1000546,64,2,593779779141319493,-14316000,-14250000,-14625068,0,0,0,1,2.399,
1000547,64,2,15167792054513260226,-14368000,-14306000,-14625068,0,0,0,1,2.428,
1000548,64,2,351436790213647705,-14260000,-14196000,-14625068,0,0,0,1,2.338,
1000549,64,2,9950801286837179727,-14364000,-14302000,-14625068,0,0,0,1,2.429,
1000550,64,2,10247699988469597340,-14240000,-14206000,-14625068,0,0,0,1,2.252,
1000551,64,2,4027016198882168637,-14352000,-14296000,-14625068,0,0,0,1,2.098,
1000552,64,2,10550977274529509840,-14352000,-14304000,-14625068,0,0,0,1,2.42,
1000553,64,2,13144910149043838912,-14384000,-14316000,-14625068,0,0,0,1,2.481,
1000554,64,2,9026369009626433930,-14354000,-14302000,-14625068,0,0,0,1,2.385,
1000555,64,2,4397326877566998882,-14350000,-14294000,-14625068,0,0,0,1,2.415,
1000556,64,2,12824481287157276836,-14358000,-14296000,-14625068,0,0,0,1,2.318,
1000557,64,2,16448844900054267777,-14360000,-14310000,-14625068,0,0,0,1,2.289,
1000558,64,2,10549585220761678006,-14374000,-14328000,-14625068,0,0,0,1,2.298,
1000559,64,2,5904032046931310512,-14380000,-14310000,-14625068,0,0,0,1,2.303,
1000560,64,2,5054588850943924001,-14432000,-14386000,-14625068,0,0,0,1,2.815,
1000561,64,2,5117265721033559923,-14420000,-14350000,-14625068,0,0,0,1,2.449,
1000562,64,2,6892880825987554982,-14372000,-14302000,-14625068,0,0,0,1,2.347,
1000563,64,2,15578274069483187759,-14428000,-14380000,-14625068,0,0,0,1,2.347,
1000564,64,2,7730912979777420688,-14354000,-14292000,-14625068,0,0,0,1,2.367,
1000565,64,2,12993376749700654423,-14346000,-14294000,-14625068,0,0,0,1,2.369,
1000566,64,2,6306606423642628603,-14356000,-14296000,-14625068,0,0,0,1,2.213,
1000567,64,2,1056459238818179409,-14352000,-14304000,-14625068,0,0,0,1,2.29,
1000568,64,2,6375313219281216907,-14374000,-14330000,-14625068,0,0,0,1,2.415,
1000569,64,2,16224917155916504184,-14314000,-14268000,-14625068,0,0,0,1,2.383,
1000570,64,2,18173248472660343737,-14454000,-14392000,-14625068,0,0,0,1,2.369,
1000571,64,2,11458393147996881025,-14378000,-14324000,-14625068,0,0,0,1,2.351,
1000572,64,2,10441126678806526279,-14424000,-14380000,-14625068,0,0,0,1,2.401,
1000573,64,2,9647624600296376055,-14384000,-14348000,-14625068,0,0,0,1,2.406,
1000574,64,2,12149634281419989560,-14420000,-14374000,-14625068,0,0,0,1,2.427,
1000575,64,2,3347732355587042692,-14320000,-14256000,-14625068,0,0,0,1,2.079,
1000576,64,2,12131779025546347518,-14456000,-14398000,-14625068,0,0,0,1,2.404,
1000577,64,2,15402907981274810876,-14312000,-14256000,-14625068,0,0,0,1,2.319,
1000578,64,2,2381064539041975561,-14396000,-14348000,-14625068,0,0,0,1,2.438,
1000579,64,2,4162606743034539159,-14308000,-14266000,-14625068,0,0,0,1,2.414,
1000580,64,2,6090059919284096248,-14286000,-14232000,-14625068,0,0,0,1,2.375,
1000581,64,2,3877862093644586306,-14372000,-14318000,-14625068,0,0,0,1,2.292,
1000582,64,2,15066548242769546607,-14394000,-14344000,-14625068,0,0,0,1,2.37,
1000583,64,2,15613656769489622483,-14290000,-14232000,-14625068,0,0,0,1,2.29,
1000584,64,2,10653129352832283448,-14314000,-14256000,-14625068,0,0,0,1,2.34,
1000585,64,2,11135060668210812559,-14424000,-14364000,-14625068,0,0,0,1,2.464,
1000586,64,2,6904579494831714326,-14368000,-14312000,-14625068,0,0,0,1,2.371,
1000587,64,2,12568508817030090610,-14342000,-14270000,-14625068,0,0,0,1,2.413,
1000588,64,2,10419425740976074703,-14402000,-14348000,-14625068,0,0,0,1,2.319,
1000589,64,2,10698458099434793797,-14390000,-14330000,-14625068,0,0,0,1,2.49,
1000590,64,2,1192461681799591217,-14342000,-14298000,-14625068,0,0,0,1,2.345,
1000591,64,2,15019607941580764390,-14362000,-14310000,-14625068,0,0,0,1,2.232,
1000592,64,2,10410761884888300913,-14368000,-14320000,-14625068,0,0,0,1,2.43,
1000593,64,2,10551680154969844240,-14418000,-14354000,-14625068,0,0,0,1,2.4,
1000594,64,2,7007373840853579695,-14326000,-14282000,-14625068,0,0,0,1,2.399,
1000595,64,2,4992245484755181022,-14300000,-14244000,-14625068,0,0,0,1,2.324,
1000596,64,2,7355644407053374074,-14364000,-14320000,-14625068,0,0,0,1,2.457,
1000597,64,2,9954150960043831672,-14296000,-14248000,-14625068,0,0,0,1,2.379,
1000598,64,2,11918452225607025310,-14344000,-14292000,-14625068,0,0,0,1,2.266,
1000599,64,2,14977293722481897815,-14386000,-14334000,-14625068,0,0,0,1,2.202,
1000600,64,2,1703176466887060790,-14322000,-14258000,-14625068,0,0,0,1,2.492,
1000601,64,2,11997924359709283677,-14338000,-14294000,-14625068,0,0,0,1,2.408,
1000602,64,2,16406586072800410879,-14392000,-14324000,-14625068,0,0,0,1,2.384,
1000603,64,2,10027160271597242920,-14318000,-14244000,-14625068,0,0,0,1,2.355,
1000604,64,2,10180734358418132511,-14412000,-14358000,-14625068,0,0,0,1,2.411,
1000605,64,2,6847137495706655095,-14376000,-14310000,-14625068,0,0,0,1,2.247,
1000606,64,2,7839394561311071286,-14312000,-14264000,-14625068,0,0,0,1,2.309,
1000607,64,2,17090921341516824645,-14298000,-14244000,-14625068,0,0,0,1,2.259,
1000608,64,2,7288404984719110018,-14280000,-14226000,-14625068,0,0,0,1,2.513,
1000609,64,2,4539823996818329867,-14290000,-14226000,-14625068,0,0,0,1,2.308,
1000610,64,2,5366685545874699597,-14388000,-14326000,-14625068,0,0,0,1,2.394,
1000611,64,2,14841022134663174522,-14386000,-14318000,-14625068,0,0,0,1,2.362,
1000612,64,2,1445519747269802217,-14394000,-14316000,-14625068,0,0,0,1,2.468,
1000613,64,2,9196739592788755412,-14248000,-14202000,-14625068,0,0,0,1,2.326,
1000614,64,2,2369547450021740979,-14354000,-14298000,-14625068,0,0,0,1,2.291,
1000615,64,2,12002809004878442456,-14434000,-14386000,-14625068,0,0,0,1,2.346,
1000616,64,2,13481228109710671379,-14462000,-14406000,-14625068,0,0,0,1,2.399,
1000617,64,2,17962300345375312821,-14390000,-14338000,-14625068,0,0,0,1,2.375,
1000618,64,2,14118679217775383154,-14316000,-14266000,-14625068,0,0,0,1,2.414,
1000619,64,2,3412297431547747668,-14352000,-14302000,-14625068,0,0,0,1,2.403,
1000620,64,2,11350312865404157534,-14398000,-14328000,-14625068,0,0,0,1,2.424,
1000621,64,2,14177437334325210946,-14386000,-14346000,-14625068,0,0,0,1,2.318,
1000622,64,2,18431420933813359419,-14334000,-14300000,-14625068,0,0,0,1,2.36,
1000623,64,2,3108276820872482263,-14416000,-14354000,-14625068,0,0,0,1,2.224,
1000624,64,2,17172982731368799583,-14438000,-14380000,-14625068,0,0,0,1,2.384,
1000625,64,2,15638906000074588812,-14346000,-14280000,-14625068,0,0,0,1,2.365,
1000626,64,2,18167790409329567302,-14352000,-14302000,-14625068,0,0,0,1,2.334,
1000627,64,2,16765239098024404651,-14388000,-14334000,-14625068,0,0,0,1,2.356,
1000628,64,2,5394040089844466976,-14290000,-14232000,-14625068,0,0,0,1,2.484,
1000629,64,2,17457314265139810121,-14352000,-14292000,-14625068,0,0,0,1,2.326,
1000630,64,2,6462839016867170577,-14324000,-14280000,-14625068,0,0,0,1,2.445,
1000631,64,2,3785533838610527933,-14322000,-14270000,-14625068,0,0,0,1,2.361,
1000632,64,2,15845434820199006923,-14272000,-14232000,-14625068,0,0,0,1,2.346,
1000633,64,2,6406146749575419052,-14374000,-14308000,-14625068,0,0,0,1,2.461,
1000634,64,2,5317626633857873493,-14392000,-14346000,-14625068,0,0,0,1,2.379,
1000635,64,2,15810979577864740884,-14466000,-14404000,-14625068,0,0,0,1,2.489,
1000636,64,2,7082146837681268468,-14358000,-14304000,-14625068,0,0,0,1,2.37,
1000637,64,2,16590477058096923145,-14410000,-14354000,-14625068,0,0,0,1,2.408,
1000638,64,2,6601620342331893744,-14444000,-14376000,-14625068,0,0,0,1,2.338,
1000639,64,2,4591977505402401697,-14344000,-14280000,-14625068,0,0,0,1,2.314,
1000640,64,2,6199614755405355337,-14330000,-14276000,-14625068,0,0,0,1,2.445,
1000641,64,2,13547154856501321393,-14390000,-14346000,-14625068,0,0,0,1,2.338,
1000642,64,2,1095801562047663600,-14268000,-14214000,-14625068,0,0,0,1,2.416,
1000643,64,2,12734876751883996018,-14300000,-14250000,-14625068,0,0,0,1,2.289,
1000644,64,2,4007204737799665958,-14412000,-14332000,-14625068,0,0,0,1,2.442,
1000645,64,2,12247431009800168232,-14404000,-14346000,-14625068,0,0,0,1,2.338,
1000646,64,2,17393402962164032206,-14396000,-14334000,-14625068,0,0,0,1,3.444,
1000647,64,2,3972184704632438309,-14336000,-14280000,-14625068,0,0,0,1,2.267,
1000648,64,2,13357416645218212629,-14412000,-14348000,-14625068,0,0,0,1,2.403,
1000649,64,2,6679164562196098714,-14402000,-14346000,-14625068,0,0,0,1,2.366,
1000650,64,2,4198268157704390937,-14412000,-14346000,-14625068,0,0,0,1,2.317,
1000651,64,2,18294778665775198148,-14286000,-14234000,-14625068,0,0,0,1,2.431,
1000652,64,2,5688620103509416064,-14362000,-14310000,-14625068,0,0,0,1,2.59,
1000653,64,2,4822203251461481035,-14266000,-14204000,-14625068,0,0,0,1,2.306,
1000654,64,2,14067783908953772957,-14426000,-14354000,-14625068,0,0,0,1,2.328,
1000655,64,2,6830079008389412311,-14354000,-14304000,-14625068,0,0,0,1,2.214,
1000656,64,2,2790507028874357922,-14332000,-14290000,-14625068,0,0,0,1,2.445,
1000657,64,2,11568625104206051820,-14368000,-14308000,-14625068,0,0,0,1,2.435,
1000658,64,2,13474745606748172974,-14392000,-14326000,-14625068,0,0,0,1,2.406,
1000659,64,2,9972292070102221103,-14312000,-14258000,-14625068,0,0,0,1,2.414,
1000660,64,2,76447841790507615,-14304000,-14256000,-14625068,0,0,0,1,2.383,
1000661,64,2,17307668213465729652,-14258000,-14192000,-14625068,0,0,0,1,2.324,
1000662,64,2,16737397803357256698,-14362000,-14290000,-14625068,0,0,0,1,2.402,
1000663,64,2,2729260813983992035,-14316000,-14268000,-14625068,0,0,0,1,2.201,
1000664,64,2,5627557065396776642,-14360000,-14304000,-14625068,0,0,0,1,2.386,
1000665,64,2,5858994501558035157,-14402000,-14344000,-14625068,0,0,0,1,2.394,
1000666,64,2,13485573163705718356,-14412000,-14362000,-14625068,0,0,0,1,2.496,
1000667,64,2,13351150216368565935,-14336000,-14294000,-14625068,0,0,0,1,2.379,
1000668,64,2,4367932931788401629,-14426000,-14380000,-14625068,0,0,0,1,2.324,
1000669,64,2,10098111252511407845,-14322000,-14286000,-14625068,0,0,0,1,2.291,
1000670,64,2,15649992714034859924,-14462000,-14388000,-14625068,0,0,0,1,2.391,
1000671,64,2,6118914877875862247,-14318000,-14252000,-14625068,0,0,0,1,2.4,
1000672,64,2,11065098059452545979,-14320000,-14274000,-14625068,0,0,0,1,2.416,
1000673,64,2,14711719169881660980,-14318000,-14274000,-14625068,0,0,0,1,2.496,
1000674,64,2,13802505824258392081,-14454000,-14384000,-14625068,0,0,0,1,2.449,
1000675,64,2,17029143276850914318,-14376000,-14324000,-14625068,0,0,0,1,2.333,
1000676,64,2,17077393768125610563,-14366000,-14314000,-14625068,0,0,0,1,2.423,
1000677,64,2,6576625397805187857,-14392000,-14346000,-14625068,0,0,0,1,2.339,
1000678,64,2,12534298621808776910,-14326000,-14272000,-14625068,0,0,0,1,2.277,
1000679,64,2,12049582856707049394,-14340000,-14300000,-14625068,0,0,0,1,2.225,
1000680,64,2,16420929195129878788,-14386000,-14318000,-14625068,0,0,0,1,2.365,
1000681,64,2,5208759242643918585,-14362000,-14292000,-14625068,0,0,0,1,2.433,
1000682,64,2,927068030136579718,-14354000,-14306000,-14625068,0,0,0,1,2.456,
1000683,64,2,9861848036080976878,-14378000,-14308000,-14625068,0,0,0,1,2.416,
1000684,64,2,8447124864407292050,-14344000,-14292000,-14625068,0,0,0,1,2.365,
1000685,64,2,10509070533949874016,-14394000,-14356000,-14625068,0,0,0,1,2.388,
1000686,64,2,13909216951701227416,-14388000,-14332000,-14625068,0,0,0,1,2.409,
1000687,64,2,14181598708115555323,-14366000,-14286000,-14625068,0,0,0,1,2.24,
1000688,64,2,9265323356508330464,-14378000,-14306000,-14625068,0,0,0,1,2.318,
1000689,64,2,3228711761907016304,-14408000,-14354000,-14625068,0,0,0,1,2.343,
1000690,64,2,9211085101458202856,-14332000,-14272000,-14625068,0,0,0,1,2.482,
1000691,64,2,13866787980623516996,-14382000,-14312000,-14625068,0,0,0,1,2.459,
1000692,64,2,14615039421273075261,-14378000,-14316000,-14625068,0,0,0,1,2.258,
1000693,64,2,10973607837275665219,-14338000,-14290000,-14625068,0,0,0,1,2.33,
1000694,64,2,14138331013987286449,-14370000,-14306000,-14625068,0,0,0,1,2.418,
1000695,64,2,13944719265112301069,-14380000,-14328000,-14625068,0,0,0,1,2.427,
1000696,64,2,15859161125374877545,-14354000,-14310000,-14625068,0,0,0,1,2.321,
1000697,64,2,4712591019373915004,-14326000,-14270000,-14625068,0,0,0,1,2.474,
1000698,64,2,5160310385948641713,-14438000,-14378000,-14625068,0,0,0,1,2.405,
1000699,64,2,17999814087356404435,-14372000,-14328000,-14625068,0,0,0,1,2.484,
1000700,64,2,2089507857617776461,-14350000,-14296000,-14625068,0,0,0,1,2.759,
1000701,64,2,11016134394184849471,-14410000,-14356000,-14625068,0,0,0,1,2.271,
1000702,64,2,11033608285545452357,-14306000,-14258000,-14625068,0,0,0,1,2.329,
1000703,64,2,8508599639989077911,-14354000,-14312000,-14625068,0,0,0,1,2.306,
1000704,64,2,17773078850636154478,-14354000,-14298000,-14625068,0,0,0,1,2.446,
1000705,64,2,17617402787718183622,-14320000,-14260000,-14625068,0,0,0,1,2.432,
1000706,64,2,17699373550578953314,-14260000,-14206000,-14625068,0,0,0,1,2.428,
1000707,64,2,10239244790487651234,-14432000,-14382000,-14625068,0,0,0,1,2.306,
1000708,64,2,16332064204242724595,-14446000,-14388000,-14625068,0,0,0,1,2.54,
1000709,64,2,8968409383187246855,-14316000,-14268000,-14625068,0,0,0,1,2.465,
1000710,64,2,333789896876126406,-14334000,-14292000,-14625068,0,0,0,1,2.321,
1000711,64,2,10780530887140004092,-14298000,-14250000,-14625068,0,0,0,1,2.115,
1000712,64,2,475256708713468449,-14428000,-14374000,-14625068,0,0,0,1,2.463,
1000713,64,2,17709191564769643287,-14330000,-14276000,-14625068,0,0,0,1,2.453,
1000714,64,2,17592602872971606489,-14300000,-14262000,-14625068,0,0,0,1,2.354,
1000715,64,2,9635688728787394908,-14412000,-14358000,-14625068,0,0,0,1,2.539,
1000716,64,2,11171282037145486894,-14458000,-14406000,-14625068,0,0,0,1,2.321,
1000717,64,2,16473191129140635813,-14254000,-14192000,-14625068,0,0,0,1,2.447,
1000718,64,2,15853835632128429195,-14410000,-14364000,-14625068,0,0,0,1,2.234,
1000719,64,2,5145210376158646467,-14412000,-14338000,-14625068,0,0,0,1,2.285,
1000720,64,2,9989158489221066964,-14398000,-14350000,-14625068,0,0,0,1,2.476,
1000721,64,2,16218386564859481267,-14390000,-14346000,-14625068,0,0,0,1,2.479,
1000722,64,2,6267969801898674266,-14414000,-14362000,-14625068,0,0,0,1,2.385,
1000723,64,2,4640218060560432462,-14406000,-14350000,-14625068,0,0,0,1,2.477,
1000724,64,2,655926611525598607,-14282000,-14226000,-14625068,0,0,0,1,2.781,
1000725,64,2,6222142689759121597,-14342000,-14292000,-14625068,0,0,0,1,2.268,
1000726,64,2,17481899722663862177,-14276000,-14224000,-14625068,0,0,0,1,2.284,
1000727,64,2,18435616208559170834,-14342000,-14262000,-14625068,0,0,0,1,2.332,
1000728,64,2,8293389573783075015,-14264000,-14228000,-14625068,0,0,0,1,2.424,
1000729,64,2,12067538829036725408,-14336000,-14284000,-14625068,0,0,0,1,2.722,
1000730,64,2,6080759277910599344,-14274000,-14228000,-14625068,0,0,0,1,2.383,
1000731,64,2,3077418949031114297,-14424000,-14358000,-14625068,0,0,0,1,2.28,
1000732,64,2,17106530001823303258,-14430000,-14374000,-14625068,0,0,0,1,2.414,
1000733,64,2,2438645977152200121,-14404000,-14326000,-14625068,0,0,0,1,2.381,
1000734,64,2,4670588103535760766,-14390000,-14324000,-14625068,0,0,0,1,2.333,
1000735,64,2,5848468666199981350,-14264000,-14212000,-14625068,0,0,0,1,2.154,
1000736,64,2,1282243172835762392,-14354000,-14306000,-14625068,0,0,0,1,2.551,
1000737,64,2,3777402231392219380,-14400000,-14326000,-14625068,0,0,0,1,2.495,
1000738,64,2,15635602962627107779,-14400000,-14334000,-14625068,0,0,0,1,2.405,
1000739,64,2,1464085010335927313,-14294000,-14252000,-14625068,0,0,0,1,2.405,
1000740,64,2,2393954189860364158,-14364000,-14312000,-14625068,0,0,0,1,2.373,
1000741,64,2,15171279630704699464,-14410000,-14364000,-14625068,0,0,0,1,2.35,
1000742,64,2,18232121503792566432,-14400000,-14360000,-14625068,0,0,0,1,2.24,
1000743,64,2,13789575283375534826,-14396000,-14330000,-14625068,0,0,0,1,2.285,
1000744,64,2,1997565021708905894,-14308000,-14264000,-14625068,0,0,0,1,2.327,
1000745,64,2,7697410481471281631,-14364000,-14250000,-14625068,0,0,0,1,2.403,
1000746,64,2,10784979926283826054,-14416000,-14352000,-14625068,0,0,0,1,2.457,
1000747,64,2,3734636693005800512,-14468000,-14416000,-14625068,0,0,0,1,2.437,
1000748,64,2,18101834389224974315,-14374000,-14326000,-14625068,0,0,0,1,2.434,
1000749,64,2,10446097775982368271,-14430000,-14366000,-14625068,0,0,0,1,2.42,
1000750,64,2,15764710613823487730,-14438000,-14366000,-14625068,0,0,0,1,2.26,
1000751,64,2,11610315520230168381,-14450000,-14402000,-14625068,0,0,0,1,2.349,
1000752,64,2,12558187630227157659,-14280000,-14224000,-14625068,0,0,0,1,2.517,
1000753,64,2,9376493994313988499,-14414000,-14354000,-14625068,0,0,0,1,2.34,
1000754,64,2,14054055812888511899,-14376000,-14312000,-14625068,0,0,0,1,2.48,
1000755,64,2,4675689979650720361,-14348000,-14296000,-14625068,0,0,0,1,2.45,
1000756,64,2,18420499178152301747,-14418000,-14366000,-14625068,0,0,0,1,2.447,
1000757,64,2,8435959304161045644,-14352000,-14310000,-14625068,0,0,0,1,2.427,
1000758,64,2,818196180035611592,-14472000,-14398000,-14625068,0,0,0,1,2.287,
1000759,64,2,8709944980293431363,-14450000,-14380000,-14625068,0,0,0,1,2.314,
1000760,64,2,5289228553404839077,-14366000,-14322000,-14625068,0,0,0,1,2.415,
1000761,64,2,6001625883794344212,-14350000,-14302000,-14625068,0,0,0,1,2.414,
1000762,64,2,10315960929880854208,-14380000,-14328000,-14625068,0,0,0,1,2.41,
1000763,64,2,4773191214795200090,-14384000,-14336000,-14625068,0,0,0,1,2.448,
1000764,64,2,3625311517716128458,-14412000,-14360000,-14625068,0,0,0,1,2.428,
1000765,64,2,15972398075909865576,-14372000,-14328000,-14625068,0,0,0,1,2.379,
1000766,64,2,5216498783113578319,-14312000,-14260000,-14625068,0,0,0,1,2.382,
1000767,64,2,853175003011981725,-14378000,-14326000,-14625068,0,0,0,1,2.357,
1000768,64,2,5573604538637864659,-14346000,-14302000,-14625068,0,0,0,1,2.498,
1000769,64,2,7581499501057106862,-14438000,-14384000,-14625068,0,0,0,1,2.449,
1000770,64,2,4966038999872887132,-14344000,-14302000,-14625068,0,0,0,1,2.366,
1000771,64,2,5721989428637522438,-14394000,-14348000,-14625068,0,0,0,1,2.348,
1000772,64,2,12059785721694959070,-14282000,-14230000,-14625068,0,0,0,1,2.315,
1000773,64,2,6296498916277726564,-14416000,-14368000,-14625068,0,0,0,1,2.37,
1000774,64,2,1051111164029374572,-14422000,-14354000,-14625068,0,0,0,1,2.425,
1000775,64,2,9287336242083094734,-14320000,-14280000,-14625068,0,0,0,1,2.375,
1000776,64,2,11913165313756330437,-14338000,-14292000,-14625068,0,0,0,1,2.455,
1000777,64,2,7574892978157644328,-14424000,-14374000,-14625068,0,0,0,1,2.415,
1000778,64,2,13290427351673324880,-14370000,-14310000,-14625068,0,0,0,1,2.409,
1000779,64,2,2235248660309108965,-14326000,-14280000,-14625068,0,0,0,1,2.484,
1000780,64,2,1425681940373712385,-14358000,-14302000,-14625068,0,0,0,1,2.417,
1000781,64,2,9961114157849618148,-14384000,-14330000,-14625068,0,0,0,1,2.415,
1000782,64,2,8513748311690836626,-14306000,-14234000,-14625068,0,0,0,1,2.42,
1000783,64,2,15259471308660242485,-14356000,-14286000,-14625068,0,0,0,1,2.219,
1000784,64,2,9214123258517898559,-14294000,-14250000,-14625068,0,0,0,1,2.47,
1000785,64,2,13400380333298446627,-14308000,-14250000,-14625068,0,0,0,1,2.422,
1000786,64,2,12183943346618953339,-14382000,-14330000,-14625068,0,0,0,1,2.456,
1000787,64,2,9993592473676790143,-14364000,-14308000,-14625068,0,0,0,1,2.355,
1000788,64,2,13721146088873431852,-14368000,-14312000,-14625068,0,0,0,1,2.371,
1000789,64,2,16682531486229207850,-14470000,-14410000,-14625068,0,0,0,1,2.348,
1000790,64,2,687358902139130964,-14348000,-14296000,-14625068,0,0,0,1,2.259,
1000791,64,2,6760064218599275403,-14390000,-14328000,-14625068,0,0,0,1,2.283,
1000792,64,2,4105048791916821438,-14410000,-14340000,-14625068,0,0,0,1,2.326,
1000793,64,2,610468077991972468,-14388000,-14332000,-14625068,0,0,0,1,2.478,
1000794,64,2,1381710012839766913,-14320000,-14260000,-14625068,0,0,0,1,2.369,
1000795,64,2,7785145665267816902,-14390000,-14346000,-14625068,0,0,0,1,2.424,
1000796,64,2,6167953225261168155,-14340000,-14296000,-14625068,0,0,0,1,2.453,
1000797,64,2,10802362954523933390,-14438000,-14376000,-14625068,0,0,0,1,2.272,
1000798,64,2,16156493866052255366,-14374000,-14310000,-14625068,0,0,0,1,2.463,
1000799,64,2,7137933282201380457,-14324000,-14274000,-14625068,0,0,0,1,2.442,
